"App","AppID","Product","ProductKey","Country","CountryCode","LocalPrice","Currency","FormattedPrice","CNY","USD","ExchangeRate","RateAsOf","FetchedAt","Status","MatchStatus","SourceURL","QueryComplete","RecordType","MatchEvidence","Type","Period","Issues","Coverage","QueryStartedAt","CompletedRegions","TotalRegions"
"悬浮时钟-抢购秒杀助手","1546947240","软件本体","app","阿拉伯联合酋长国","ae","0","AED","Free","0","0","","2026-09-15","2026-09-16T02:24:33.178590Z","AVAILABLE","EXACT","https://apps.apple.com/ae/app/floating-clock/id1546947240","true","PRICE","App ID","APP","","","","2026-09-16T02:24:04.136007Z","175","175"
"悬浮时钟-抢购秒杀助手","1546947240","软件本体","app","阿富汗","af","0","USD","Free","0","0","","2026-09-15","2026-09-16T02:24:21.716106Z","AVAILABLE","EXACT","https://apps.apple.com/af/app/floating-clock/id1546947240","true","PRICE","App ID","APP","","","","2026-09-16T02:24:04.136007Z","175","175"
"悬浮时钟-抢购秒杀助手","1546947240","软件本体","app","安提瓜和巴布达","ag","0","USD","Free","0","0","","2026-09-15","2026-09-16T02:24:28.273026Z","AVAILABLE","EXACT","https://apps.apple.com/ag/app/floating-clock/id1546947240","true","PRICE","App ID","APP","","","","2026-09-16T02:24:04.136007Z","175","175"
"悬浮时钟-抢购秒杀助手","1546947240","软件本体","app","安圭拉","ai","0","USD","Free","0","0","","2026-09-15","2026-09-16T02:24:25.871160Z","AVAILABLE","EXACT","https://apps.apple.com/ai/app/floating-clock/id1546947240","true","PRICE","App ID","APP","","","","2026-09-16T02:24:04.136007Z","175","175"
"悬浮时钟-抢购秒杀助手","1546947240","软件本体","app","阿尔巴尼亚","al","0","USD","Free","0","0","","2026-09-15","2026-09-16T02:24:23.649485Z","AVAILABLE","EXACT","https://apps.apple.com/al/app/floating-clock/id1546947240","true","PRICE","App ID","APP","","","","2026-09-16T02:24:04.136007Z","175","175"
"悬浮时钟-抢购秒杀助手","1546947240","软件本体","app","亚美尼亚","am","0","USD","Free","0","0","","2026-09-15","2026-09-16T02:24:34.327570Z","AVAILABLE","EXACT","https://apps.apple.com/am/app/floating-clock/id1546947240","true","PRICE","App ID","APP","","","","2026-09-16T02:24:04.136007Z","175","175"
"悬浮时钟-抢购秒杀助手","1546947240","软件本体","app","安哥拉","ao","0","USD","Free","0","0","","2026-09-15","2026-09-16T02:24:26.512157Z","AVAILABLE","EXACT","https://apps.apple.com/ao/app/floating-clock/id1546947240","true","PRICE","App ID","APP","","","","2026-09-16T02:24:04.136007Z","175","175"
"悬浮时钟-抢购秒杀助手","1546947240","软件本体","app","阿根廷","ar","0","USD","Free","0","0","","2026-09-15","2026-09-16T02:24:39.715681Z","AVAILABLE","EXACT","https://apps.apple.com/ar/app/reloj-flotante/id1546947240","true","PRICE","App ID","APP","","","","2026-09-16T02:24:04.136007Z","175","175"
"悬浮时钟-抢购秒杀助手","1546947240","软件本体","app","奥地利","at","0","EUR","Free","0","0","","2026-09-15","2026-09-16T02:24:32.037966Z","AVAILABLE","EXACT","https://apps.apple.com/at/app/schwebende-uhr/id1546947240","true","PRICE","App ID","APP","","","","2026-09-16T02:24:04.136007Z","175","175"
"悬浮时钟-抢购秒杀助手","1546947240","软件本体","app","澳大利亚","au","0","AUD","Free","0","0","","2026-09-15","2026-09-16T02:24:19.592919Z","AVAILABLE","EXACT","https://apps.apple.com/au/app/floating-clock/id1546947240","true","PRICE","App ID","APP","","","","2026-09-16T02:24:04.136007Z","175","175"
"悬浮时钟-抢购秒杀助手","1546947240","软件本体","app","阿塞拜疆","az","0","USD","Free","0","0","","2026-09-15","2026-09-16T02:24:29.628458Z","AVAILABLE","EXACT","https://apps.apple.com/az/app/floating-clock/id1546947240","true","PRICE","App ID","APP","","","","2026-09-16T02:24:04.136007Z","175","175"
"悬浮时钟-抢购秒杀助手","1546947240","软件本体","app","波斯尼亚和黑塞哥维那","ba","0","EUR","Free","0","0","","2026-09-15","2026-09-16T02:24:36.419216Z","AVAILABLE","EXACT","https://apps.apple.com/ba/app/floating-clock/id1546947240","true","PRICE","App ID","APP","","","","2026-09-16T02:24:04.136007Z","175","175"
"悬浮时钟-抢购秒杀助手","1546947240","软件本体","app","巴巴多斯","bb","0","USD","Free","0","0","","2026-09-15","2026-09-16T02:24:32.230445Z","AVAILABLE","EXACT","https://apps.apple.com/bb/app/floating-clock/id1546947240","true","PRICE","App ID","APP","","","","2026-09-16T02:24:04.136007Z","175","175"
"悬浮时钟-抢购秒杀助手","1546947240","软件本体","app","比利时","be","0","EUR","Free","0","0","","2026-09-15","2026-09-16T02:24:37.740955Z","AVAILABLE","EXACT","https://apps.apple.com/be/app/floating-clock/id1546947240","true","PRICE","App ID","APP","","","","2026-09-16T02:24:04.136007Z","175","175"
"悬浮时钟-抢购秒杀助手","1546947240","软件本体","app","布基纳法索","bf","0","USD","Free","0","0","","2026-09-15","2026-09-16T02:24:33.935831Z","AVAILABLE","EXACT","https://apps.apple.com/bf/app/floating-clock/id1546947240","true","PRICE","App ID","APP","","","","2026-09-16T02:24:04.136007Z","175","175"
"悬浮时钟-抢购秒杀助手","1546947240","软件本体","app","保加利亚","bg","0","EUR","Free","0","0","","2026-09-15","2026-09-16T02:24:43.435044Z","AVAILABLE","EXACT","https://apps.apple.com/bg/app/floating-clock/id1546947240","true","PRICE","App ID","APP","","","","2026-09-16T02:24:04.136007Z","175","175"
"悬浮时钟-抢购秒杀助手","1546947240","软件本体","app","巴林","bh","0","USD","Free","0","0","","2026-09-15","2026-09-16T02:24:36.065487Z","AVAILABLE","EXACT","https://apps.apple.com/bh/app/floating-clock/id1546947240","true","PRICE","App ID","APP","","","","2026-09-16T02:24:04.136007Z","175","175"
"悬浮时钟-抢购秒杀助手","1546947240","软件本体","app","贝宁","bj","0","USD","Free","0","0","","2026-09-15","2026-09-16T02:24:43.469050Z","AVAILABLE","EXACT","https://apps.apple.com/bj/app/floating-clock/id1546947240","true","PRICE","App ID","APP","","","","2026-09-16T02:24:04.136007Z","175","175"
"悬浮时钟-抢购秒杀助手","1546947240","软件本体","app","百慕大","bm","0","USD","Free","0","0","","2026-09-15","2026-09-16T02:24:38.812032Z","AVAILABLE","EXACT","https://apps.apple.com/bm/app/floating-clock/id1546947240","true","PRICE","App ID","APP","","","","2026-09-16T02:24:04.136007Z","175","175"
"悬浮时钟-抢购秒杀助手","1546947240","软件本体","app","文莱","bn","0","USD","Free","0","0","","2026-09-15","2026-09-16T02:24:43.106742Z","AVAILABLE","EXACT","https://apps.apple.com/bn/app/floating-clock/id1546947240","true","PRICE","App ID","APP","","","","2026-09-16T02:24:04.136007Z","175","175"
"悬浮时钟-抢购秒杀助手","1546947240","软件本体","app","玻利维亚","bo","0","USD","Free","0","0","","2026-09-15","2026-09-16T02:24:43.232982Z","AVAILABLE","EXACT","https://apps.apple.com/bo/app/reloj-flotante/id1546947240","true","PRICE","App ID","APP","","","","2026-09-16T02:24:04.136007Z","175","175"
"悬浮时钟-抢购秒杀助手","1546947240","软件本体","app","巴西","br","0","BRL","Free","0","0","","2026-09-15","2026-09-16T02:24:43.156543Z","AVAILABLE","EXACT","https://apps.apple.com/br/app/%E6%82%AC%E6%B5%AE%E6%97%B6%E9%92%9F-%E6%8A%A2%E8%B4%AD%E7%A7%92%E6%9D%80%E5%8A%A9%E6%89%8B/id1546947240","true","PRICE","App ID","APP","","","","2026-09-16T02:24:04.136007Z","175","175"
"悬浮时钟-抢购秒杀助手","1546947240","软件本体","app","巴哈马","bs","0","USD","Free","0","0","","2026-09-15","2026-09-16T02:24:40.873062Z","AVAILABLE","EXACT","https://apps.apple.com/bs/app/floating-clock/id1546947240","true","PRICE","App ID","APP","","","","2026-09-16T02:24:04.136007Z","175","175"
"悬浮时钟-抢购秒杀助手","1546947240","软件本体","app","不丹","bt","0","USD","Free","0","0","","2026-09-15","2026-09-16T02:24:42.988409Z","AVAILABLE","EXACT","https://apps.apple.com/bt/app/floating-clock/id1546947240","true","PRICE","App ID","APP","","","","2026-09-16T02:24:04.136007Z","175","175"
"悬浮时钟-抢购秒杀助手","1546947240","软件本体","app","博茨瓦纳","bw","0","USD","Free","0","0","","2026-09-15","2026-09-16T02:24:53.355378Z","AVAILABLE","EXACT","https://apps.apple.com/bw/app/floating-clock/id1546947240","true","PRICE","App ID","APP","","","","2026-09-16T02:24:04.136007Z","175","175"
"悬浮时钟-抢购秒杀助手","1546947240","软件本体","app","白俄罗斯","by","0","USD","Free","0","0","","2026-09-15","2026-09-16T02:24:45.107115Z","AVAILABLE","EXACT","https://apps.apple.com/by/app/floating-clock/id1546947240","true","PRICE","App ID","APP","","","","2026-09-16T02:24:04.136007Z","175","175"
"悬浮时钟-抢购秒杀助手","1546947240","软件本体","app","伯利兹","bz","0","USD","Free","0","0","","2026-09-15","2026-09-16T02:24:49.123519Z","AVAILABLE","EXACT","https://apps.apple.com/bz/app/floating-clock/id1546947240","true","PRICE","App ID","APP","","","","2026-09-16T02:24:04.136007Z","175","175"
"悬浮时钟-抢购秒杀助手","1546947240","软件本体","app","加拿大","ca","0","CAD","Free","0","0","","2026-09-15","2026-09-16T02:24:18.105753Z","AVAILABLE","EXACT","https://apps.apple.com/ca/app/floating-clock/id1546947240","true","PRICE","App ID","APP","","","","2026-09-16T02:24:04.136007Z","175","175"
"悬浮时钟-抢购秒杀助手","1546947240","软件本体","app","刚果（金）","cd","0","USD","Free","0","0","","2026-09-15","2026-09-16T02:24:52.970231Z","AVAILABLE","EXACT","https://apps.apple.com/cd/app/floating-clock/id1546947240","true","PRICE","App ID","APP","","","","2026-09-16T02:24:04.136007Z","175","175"
"悬浮时钟-抢购秒杀助手","1546947240","软件本体","app","刚果（布）","cg","0","USD","Free","0","0","","2026-09-15","2026-09-16T02:24:50.522846Z","AVAILABLE","EXACT","https://apps.apple.com/cg/app/floating-clock/id1546947240","true","PRICE","App ID","APP","","","","2026-09-16T02:24:04.136007Z","175","175"
"悬浮时钟-抢购秒杀助手","1546947240","软件本体","app","瑞士","ch","0","CHF","Free","0","0","","2026-09-15","2026-09-16T02:24:47.795948Z","AVAILABLE","EXACT","https://apps.apple.com/ch/app/schwebende-uhr/id1546947240","true","PRICE","App ID","APP","","","","2026-09-16T02:24:04.136007Z","175","175"
"悬浮时钟-抢购秒杀助手","1546947240","软件本体","app","科特迪瓦","ci","0","USD","Free","0","0","","2026-09-15","2026-09-16T02:24:53.534236Z","AVAILABLE","EXACT","https://apps.apple.com/ci/app/%E6%82%AC%E6%B5%AE%E6%97%B6%E9%92%9F-%E6%8A%A2%E8%B4%AD%E7%A7%92%E6%9D%80%E5%8A%A9%E6%89%8B/id1546947240","true","PRICE","App ID","APP","","","","2026-09-16T02:24:04.136007Z","175","175"
"悬浮时钟-抢购秒杀助手","1546947240","软件本体","app","智利","cl","0","CLP","Free","0","0","","2026-09-15","2026-09-16T02:24:53.252749Z","AVAILABLE","EXACT","https://apps.apple.com/cl/app/reloj-flotante/id1546947240","true","PRICE","App ID","APP","","","","2026-09-16T02:24:04.136007Z","175","175"
"悬浮时钟-抢购秒杀助手","1546947240","软件本体","app","喀麦隆","cm","0","USD","Free","0","0","","2026-09-15","2026-09-16T02:24:57.501464Z","AVAILABLE","EXACT","https://apps.apple.com/cm/app/%E6%82%AC%E6%B5%AE%E6%97%B6%E9%92%9F-%E6%8A%A2%E8%B4%AD%E7%A7%92%E6%9D%80%E5%8A%A9%E6%89%8B/id1546947240","true","PRICE","App ID","APP","","","","2026-09-16T02:24:04.136007Z","175","175"
"悬浮时钟-抢购秒杀助手","1546947240","软件本体","app","中国大陆","cn","0","CNY","Free","0","0","","2026-09-15","2026-09-16T02:24:09.186123Z","AVAILABLE","EXACT","https://apps.apple.com/cn/app/%E6%82%AC%E6%B5%AE%E6%97%B6%E9%92%9F-%E6%8A%A2%E8%B4%AD%E7%A7%92%E6%9D%80%E5%8A%A9%E6%89%8B/id1546947240","true","PRICE","App ID","APP","","","","2026-09-16T02:24:04.136007Z","175","175"
"悬浮时钟-抢购秒杀助手","1546947240","软件本体","app","哥伦比亚","co","0","COP","Free","0","0","","2026-09-15","2026-09-16T02:24:52.973830Z","AVAILABLE","EXACT","https://apps.apple.com/co/app/reloj-flotante/id1546947240","true","PRICE","App ID","APP","","","","2026-09-16T02:24:04.136007Z","175","175"
"悬浮时钟-抢购秒杀助手","1546947240","软件本体","app","哥斯达黎加","cr","0","USD","Free","0","0","","2026-09-15","2026-09-16T02:25:01.060517Z","AVAILABLE","EXACT","https://apps.apple.com/cr/app/reloj-flotante/id1546947240","true","PRICE","App ID","APP","","","","2026-09-16T02:24:04.136007Z","175","175"
"悬浮时钟-抢购秒杀助手","1546947240","软件本体","app","佛得角","cv","0","USD","Free","0","0","","2026-09-15","2026-09-16T02:25:03.267620Z","AVAILABLE","EXACT","https://apps.apple.com/cv/app/floating-clock/id1546947240","true","PRICE","App ID","APP","","","","2026-09-16T02:24:04.136007Z","175","175"
"悬浮时钟-抢购秒杀助手","1546947240","软件本体","app","塞浦路斯","cy","0","EUR","Free","0","0","","2026-09-15","2026-09-16T02:25:03.187076Z","AVAILABLE","EXACT","https://apps.apple.com/cy/app/floating-clock/id1546947240","true","PRICE","App ID","APP","","","","2026-09-16T02:24:04.136007Z","175","175"
"悬浮时钟-抢购秒杀助手","1546947240","软件本体","app","捷克","cz","0","CZK","Free","0","0","","2026-09-15","2026-09-16T02:25:04.428011Z","AVAILABLE","EXACT","https://apps.apple.com/cz/app/floating-clock/id1546947240","true","PRICE","App ID","APP","","","","2026-09-16T02:24:04.136007Z","175","175"
"悬浮时钟-抢购秒杀助手","1546947240","软件本体","app","德国","de","0","EUR","Free","0","0","","2026-09-15","2026-09-16T02:24:23.685349Z","AVAILABLE","EXACT","https://apps.apple.com/de/app/schwebende-uhr/id1546947240","true","PRICE","App ID","APP","","","","2026-09-16T02:24:04.136007Z","175","175"
"悬浮时钟-抢购秒杀助手","1546947240","软件本体","app","丹麦","dk","0","DKK","Free","0","0","","2026-09-15","2026-09-16T02:24:59.726794Z","AVAILABLE","EXACT","https://apps.apple.com/dk/app/floating-clock/id1546947240","true","PRICE","App ID","APP","","","","2026-09-16T02:24:04.136007Z","175","175"
"悬浮时钟-抢购秒杀助手","1546947240","软件本体","app","多米尼克","dm","0","USD","Free","0","0","","2026-09-15","2026-09-16T02:25:03.003239Z","AVAILABLE","EXACT","https://apps.apple.com/dm/app/floating-clock/id1546947240","true","PRICE","App ID","APP","","","","2026-09-16T02:24:04.136007Z","175","175"
"悬浮时钟-抢购秒杀助手","1546947240","软件本体","app","多米尼加共和国","do","0","USD","Free","0","0","","2026-09-15","2026-09-16T02:25:02.894164Z","AVAILABLE","EXACT","https://apps.apple.com/do/app/reloj-flotante/id1546947240","true","PRICE","App ID","APP","","","","2026-09-16T02:24:04.136007Z","175","175"
"悬浮时钟-抢购秒杀助手","1546947240","软件本体","app","阿尔及利亚","dz","0","USD","Free","0","0","","2026-09-15","2026-09-16T02:25:07.255667Z","AVAILABLE","EXACT","https://apps.apple.com/dz/app/floating-clock/id1546947240","true","PRICE","App ID","APP","","","","2026-09-16T02:24:04.136007Z","175","175"
"悬浮时钟-抢购秒杀助手","1546947240","软件本体","app","厄瓜多尔","ec","0","USD","Free","0","0","","2026-09-15","2026-09-16T02:25:06.606821Z","AVAILABLE","EXACT","https://apps.apple.com/ec/app/reloj-flotante/id1546947240","true","PRICE","App ID","APP","","","","2026-09-16T02:24:04.136007Z","175","175"
"悬浮时钟-抢购秒杀助手","1546947240","软件本体","app","爱沙尼亚","ee","0","EUR","Free","0","0","","2026-09-15","2026-09-16T02:25:12.009938Z","AVAILABLE","EXACT","https://apps.apple.com/ee/app/floating-clock/id1546947240","true","PRICE","App ID","APP","","","","2026-09-16T02:24:04.136007Z","175","175"
"悬浮时钟-抢购秒杀助手","1546947240","软件本体","app","埃及","eg","0","EGP","Free","0","0","","2026-09-15","2026-09-16T02:25:14.714348Z","AVAILABLE","EXACT","https://apps.apple.com/eg/app/floating-clock/id1546947240","true","PRICE","App ID","APP","","","","2026-09-16T02:24:04.136007Z","175","175"
"悬浮时钟-抢购秒杀助手","1546947240","软件本体","app","西班牙","es","0","EUR","Free","0","0","","2026-09-15","2026-09-16T02:25:14.854413Z","AVAILABLE","EXACT","https://apps.apple.com/es/app/reloj-flotante/id1546947240","true","PRICE","App ID","APP","","","","2026-09-16T02:24:04.136007Z","175","175"
"悬浮时钟-抢购秒杀助手","1546947240","软件本体","app","芬兰","fi","0","EUR","Free","0","0","","2026-09-15","2026-09-16T02:25:11.872576Z","AVAILABLE","EXACT","https://apps.apple.com/fi/app/floating-clock/id1546947240","true","PRICE","App ID","APP","","","","2026-09-16T02:24:04.136007Z","175","175"
"悬浮时钟-抢购秒杀助手","1546947240","软件本体","app","斐济","fj","0","USD","Free","0","0","","2026-09-15","2026-09-16T02:25:09.500729Z","AVAILABLE","EXACT","https://apps.apple.com/fj/app/floating-clock/id1546947240","true","PRICE","App ID","APP","","","","2026-09-16T02:24:04.136007Z","175","175"
"悬浮时钟-抢购秒杀助手","1546947240","软件本体","app","密克罗尼西亚","fm","0","USD","Free","0","0","","2026-09-15","2026-09-16T02:25:13.750737Z","AVAILABLE","EXACT","https://apps.apple.com/fm/app/floating-clock/id1546947240","true","PRICE","App ID","APP","","","","2026-09-16T02:24:04.136007Z","175","175"
"悬浮时钟-抢购秒杀助手","1546947240","软件本体","app","法国","fr","0","EUR","Free","0","0","","2026-09-15","2026-09-16T02:24:30.969349Z","AVAILABLE","EXACT","https://apps.apple.com/fr/app/%E6%82%AC%E6%B5%AE%E6%97%B6%E9%92%9F-%E6%8A%A2%E8%B4%AD%E7%A7%92%E6%9D%80%E5%8A%A9%E6%89%8B/id1546947240","true","PRICE","App ID","APP","","","","2026-09-16T02:24:04.136007Z","175","175"
"悬浮时钟-抢购秒杀助手","1546947240","软件本体","app","加蓬","ga","0","USD","Free","0","0","","2026-09-15","2026-09-16T02:25:12.287745Z","AVAILABLE","EXACT","https://apps.apple.com/ga/app/%E6%82%AC%E6%B5%AE%E6%97%B6%E9%92%9F-%E6%8A%A2%E8%B4%AD%E7%A7%92%E6%9D%80%E5%8A%A9%E6%89%8B/id1546947240","true","PRICE","App ID","APP","","","","2026-09-16T02:24:04.136007Z","175","175"
"悬浮时钟-抢购秒杀助手","1546947240","软件本体","app","英国","gb","0","GBP","Free","0","0","","2026-09-15","2026-09-16T02:24:20.311044Z","AVAILABLE","EXACT","https://apps.apple.com/gb/app/floating-clock/id1546947240","true","PRICE","App ID","APP","","","","2026-09-16T02:24:04.136007Z","175","175"
"悬浮时钟-抢购秒杀助手","1546947240","软件本体","app","格林纳达","gd","0","USD","Free","0","0","","2026-09-15","2026-09-16T02:25:13.163373Z","AVAILABLE","EXACT","https://apps.apple.com/gd/app/floating-clock/id1546947240","true","PRICE","App ID","APP","","","","2026-09-16T02:24:04.136007Z","175","175"
"悬浮时钟-抢购秒杀助手","1546947240","软件本体","app","格鲁吉亚","ge","0","USD","Free","0","0","","2026-09-15","2026-09-16T02:25:19.634686Z","AVAILABLE","EXACT","https://apps.apple.com/ge/app/floating-clock/id1546947240","true","PRICE","App ID","APP","","","","2026-09-16T02:24:04.136007Z","175","175"
"悬浮时钟-抢购秒杀助手","1546947240","软件本体","app","加纳","gh","0","USD","Free","0","0","","2026-09-15","2026-09-16T02:25:18.080270Z","AVAILABLE","EXACT","https://apps.apple.com/gh/app/floating-clock/id1546947240","true","PRICE","App ID","APP","","","","2026-09-16T02:24:04.136007Z","175","175"
"悬浮时钟-抢购秒杀助手","1546947240","软件本体","app","冈比亚","gm","0","USD","Free","0","0","","2026-09-15","2026-09-16T02:25:20.496387Z","AVAILABLE","EXACT","https://apps.apple.com/gm/app/floating-clock/id1546947240","true","PRICE","App ID","APP","","","","2026-09-16T02:24:04.136007Z","175","175"
"悬浮时钟-抢购秒杀助手","1546947240","软件本体","app","希腊","gr","0","EUR","Free","0","0","","2026-09-15","2026-09-16T02:25:16.369197Z","AVAILABLE","EXACT","https://apps.apple.com/gr/app/floating-clock/id1546947240","true","PRICE","App ID","APP","","","","2026-09-16T02:24:04.136007Z","175","175"
"悬浮时钟-抢购秒杀助手","1546947240","软件本体","app","危地马拉","gt","0","USD","Free","0","0","","2026-09-15","2026-09-16T02:25:20.742280Z","AVAILABLE","EXACT","https://apps.apple.com/gt/app/reloj-flotante/id1546947240","true","PRICE","App ID","APP","","","","2026-09-16T02:24:04.136007Z","175","175"
"悬浮时钟-抢购秒杀助手","1546947240","软件本体","app","几内亚比绍","gw","0","USD","Free","0","0","","2026-09-15","2026-09-16T02:25:25.332189Z","AVAILABLE","EXACT","https://apps.apple.com/gw/app/floating-clock/id1546947240","true","PRICE","App ID","APP","","","","2026-09-16T02:24:04.136007Z","175","175"
"悬浮时钟-抢购秒杀助手","1546947240","软件本体","app","圭亚那","gy","0","USD","Free","0","0","","2026-09-15","2026-09-16T02:25:18.131441Z","AVAILABLE","EXACT","https://apps.apple.com/gy/app/floating-clock/id1546947240","true","PRICE","App ID","APP","","","","2026-09-16T02:24:04.136007Z","175","175"
"悬浮时钟-抢购秒杀助手","1546947240","软件本体","app","香港","hk","0","HKD","Free","0","0","","2026-09-15","2026-09-16T02:24:12.885638Z","AVAILABLE","EXACT","https://apps.apple.com/hk/app/%E6%87%B8%E6%B5%AE%E6%99%82%E9%90%98/id1546947240","true","PRICE","App ID","APP","","","","2026-09-16T02:24:04.136007Z","175","175"
"悬浮时钟-抢购秒杀助手","1546947240","软件本体","app","洪都拉斯","hn","0","USD","Free","0","0","","2026-09-15","2026-09-16T02:25:19.539151Z","AVAILABLE","EXACT","https://apps.apple.com/hn/app/reloj-flotante/id1546947240","true","PRICE","App ID","APP","","","","2026-09-16T02:24:04.136007Z","175","175"
"悬浮时钟-抢购秒杀助手","1546947240","软件本体","app","克罗地亚","hr","0","EUR","Free","0","0","","2026-09-15","2026-09-16T02:25:24.031187Z","AVAILABLE","EXACT","https://apps.apple.com/hr/app/floating-clock/id1546947240","true","PRICE","App ID","APP","","","","2026-09-16T02:24:04.136007Z","175","175"
"悬浮时钟-抢购秒杀助手","1546947240","软件本体","app","匈牙利","hu","0","HUF","Free","0","0","","2026-09-15","2026-09-16T02:25:21.010847Z","AVAILABLE","EXACT","https://apps.apple.com/hu/app/floating-clock/id1546947240","true","PRICE","App ID","APP","","","","2026-09-16T02:24:04.136007Z","175","175"
"悬浮时钟-抢购秒杀助手","1546947240","软件本体","app","印度尼西亚","id","0","IDR","Free","0","0","","2026-09-15","2026-09-16T02:24:12.180142Z","AVAILABLE","EXACT","https://apps.apple.com/id/app/floating-clock/id1546947240","true","PRICE","App ID","APP","","","","2026-09-16T02:24:04.136007Z","175","175"
"悬浮时钟-抢购秒杀助手","1546947240","软件本体","app","爱尔兰","ie","0","EUR","Free","0","0","","2026-09-15","2026-09-16T02:25:27.536116Z","AVAILABLE","EXACT","https://apps.apple.com/ie/app/floating-clock/id1546947240","true","PRICE","App ID","APP","","","","2026-09-16T02:24:04.136007Z","175","175"
"悬浮时钟-抢购秒杀助手","1546947240","软件本体","app","以色列","il","0","ILS","Free","0","0","","2026-09-15","2026-09-16T02:25:28.570242Z","AVAILABLE","EXACT","https://apps.apple.com/il/app/floating-clock/id1546947240","true","PRICE","App ID","APP","","","","2026-09-16T02:24:04.136007Z","175","175"
"悬浮时钟-抢购秒杀助手","1546947240","软件本体","app","印度","in","0","INR","Free","0","0","","2026-09-15","2026-09-16T02:24:16.746402Z","AVAILABLE","EXACT","https://apps.apple.com/in/app/floating-clock/id1546947240","true","PRICE","App ID","APP","","","","2026-09-16T02:24:04.136007Z","175","175"
"悬浮时钟-抢购秒杀助手","1546947240","软件本体","app","伊拉克","iq","0","USD","Free","0","0","","2026-09-15","2026-09-16T02:25:24.059674Z","AVAILABLE","EXACT","https://apps.apple.com/iq/app/floating-clock/id1546947240","true","PRICE","App ID","APP","","","","2026-09-16T02:24:04.136007Z","175","175"
"悬浮时钟-抢购秒杀助手","1546947240","软件本体","app","冰岛","is","0","USD","Free","0","0","","2026-09-15","2026-09-16T02:25:26.257902Z","AVAILABLE","EXACT","https://apps.apple.com/is/app/floating-clock/id1546947240","true","PRICE","App ID","APP","","","","2026-09-16T02:24:04.136007Z","175","175"
"悬浮时钟-抢购秒杀助手","1546947240","软件本体","app","意大利","it","0","EUR","Free","0","0","","2026-09-15","2026-09-16T02:25:30.305035Z","AVAILABLE","EXACT","https://apps.apple.com/it/app/%E6%82%AC%E6%B5%AE%E6%97%B6%E9%92%9F-%E6%8A%A2%E8%B4%AD%E7%A7%92%E6%9D%80%E5%8A%A9%E6%89%8B/id1546947240","true","PRICE","App ID","APP","","","","2026-09-16T02:24:04.136007Z","175","175"
"悬浮时钟-抢购秒杀助手","1546947240","软件本体","app","牙买加","jm","0","USD","Free","0","0","","2026-09-15","2026-09-16T02:25:26.861467Z","AVAILABLE","EXACT","https://apps.apple.com/jm/app/floating-clock/id1546947240","true","PRICE","App ID","APP","","","","2026-09-16T02:24:04.136007Z","175","175"
"悬浮时钟-抢购秒杀助手","1546947240","软件本体","app","约旦","jo","0","USD","Free","0","0","","2026-09-15","2026-09-16T02:25:34.618216Z","AVAILABLE","EXACT","https://apps.apple.com/jo/app/floating-clock/id1546947240","true","PRICE","App ID","APP","","","","2026-09-16T02:24:04.136007Z","175","175"
"悬浮时钟-抢购秒杀助手","1546947240","软件本体","app","日本","jp","0","JPY","Free","0","0","","2026-09-15","2026-09-16T02:24:13.124929Z","AVAILABLE","EXACT","https://apps.apple.com/jp/app/%E3%83%95%E3%83%AD%E3%83%BC%E3%83%86%E3%82%A3%E3%83%B3%E3%82%B0%E6%99%82%E8%A8%88/id1546947240","true","PRICE","App ID","APP","","","","2026-09-16T02:24:04.136007Z","175","175"
"悬浮时钟-抢购秒杀助手","1546947240","软件本体","app","肯尼亚","ke","0","USD","Free","0","0","","2026-09-15","2026-09-16T02:25:36.114139Z","AVAILABLE","EXACT","https://apps.apple.com/ke/app/floating-clock/id1546947240","true","PRICE","App ID","APP","","","","2026-09-16T02:24:04.136007Z","175","175"
"悬浮时钟-抢购秒杀助手","1546947240","软件本体","app","吉尔吉斯斯坦","kg","0","USD","Free","0","0","","2026-09-15","2026-09-16T02:25:28.740437Z","AVAILABLE","EXACT","https://apps.apple.com/kg/app/floating-clock/id1546947240","true","PRICE","App ID","APP","","","","2026-09-16T02:24:04.136007Z","175","175"
"悬浮时钟-抢购秒杀助手","1546947240","软件本体","app","柬埔寨","kh","0","USD","Free","0","0","","2026-09-15","2026-09-16T02:25:30.079506Z","AVAILABLE","EXACT","https://apps.apple.com/kh/app/floating-clock/id1546947240","true","PRICE","App ID","APP","","","","2026-09-16T02:24:04.136007Z","175","175"
"悬浮时钟-抢购秒杀助手","1546947240","软件本体","app","圣基茨和尼维斯","kn","0","USD","Free","0","0","","2026-09-15","2026-09-16T02:25:31.782741Z","AVAILABLE","EXACT","https://apps.apple.com/kn/app/floating-clock/id1546947240","true","PRICE","App ID","APP","","","","2026-09-16T02:24:04.136007Z","175","175"
"悬浮时钟-抢购秒杀助手","1546947240","软件本体","app","韩国","kr","0","KRW","Free","0","0","","2026-09-15","2026-09-16T02:24:12.093727Z","AVAILABLE","EXACT","https://apps.apple.com/kr/app/%ED%94%8C%EB%A1%9C%ED%8C%85-%EC%8B%9C%EA%B3%84-%ED%8A%B9%EA%B0%80-%EB%8F%84%EC%9A%B0%EB%AF%B8/id1546947240","true","PRICE","App ID","APP","","","","2026-09-16T02:24:04.136007Z","175","175"
"悬浮时钟-抢购秒杀助手","1546947240","软件本体","app","科威特","kw","0","USD","Free","0","0","","2026-09-15","2026-09-16T02:25:35.307458Z","AVAILABLE","EXACT","https://apps.apple.com/kw/app/floating-clock/id1546947240","true","PRICE","App ID","APP","","","","2026-09-16T02:24:04.136007Z","175","175"
"悬浮时钟-抢购秒杀助手","1546947240","软件本体","app","开曼群岛","ky","0","USD","Free","0","0","","2026-09-15","2026-09-16T02:25:34.548457Z","AVAILABLE","EXACT","https://apps.apple.com/ky/app/floating-clock/id1546947240","true","PRICE","App ID","APP","","","","2026-09-16T02:24:04.136007Z","175","175"
"悬浮时钟-抢购秒杀助手","1546947240","软件本体","app","哈萨克斯坦","kz","0","KZT","Free","0","0","","2026-09-15","2026-09-16T02:25:31.158420Z","AVAILABLE","EXACT","https://apps.apple.com/kz/app/floating-clock/id1546947240","true","PRICE","App ID","APP","","","","2026-09-16T02:24:04.136007Z","175","175"
"悬浮时钟-抢购秒杀助手","1546947240","软件本体","app","老挝","la","0","USD","Free","0","0","","2026-09-15","2026-09-16T02:25:31.923284Z","AVAILABLE","EXACT","https://apps.apple.com/la/app/floating-clock/id1546947240","true","PRICE","App ID","APP","","","","2026-09-16T02:24:04.136007Z","175","175"
"悬浮时钟-抢购秒杀助手","1546947240","软件本体","app","黎巴嫩","lb","0","USD","Free","0","0","","2026-09-15","2026-09-16T02:25:33.639299Z","AVAILABLE","EXACT","https://apps.apple.com/lb/app/floating-clock/id1546947240","true","PRICE","App ID","APP","","","","2026-09-16T02:24:04.136007Z","175","175"
"悬浮时钟-抢购秒杀助手","1546947240","软件本体","app","圣卢西亚","lc","0","USD","Free","0","0","","2026-09-15","2026-09-16T02:25:36.006540Z","AVAILABLE","EXACT","https://apps.apple.com/lc/app/floating-clock/id1546947240","true","PRICE","App ID","APP","","","","2026-09-16T02:24:04.136007Z","175","175"
"悬浮时钟-抢购秒杀助手","1546947240","软件本体","app","斯里兰卡","lk","0","USD","Free","0","0","","2026-09-15","2026-09-16T02:25:34.990683Z","AVAILABLE","EXACT","https://apps.apple.com/lk/app/floating-clock/id1546947240","true","PRICE","App ID","APP","","","","2026-09-16T02:24:04.136007Z","175","175"
"悬浮时钟-抢购秒杀助手","1546947240","软件本体","app","利比里亚","lr","0","USD","Free","0","0","","2026-09-15","2026-09-16T02:25:35.893427Z","AVAILABLE","EXACT","https://apps.apple.com/lr/app/floating-clock/id1546947240","true","PRICE","App ID","APP","","","","2026-09-16T02:24:04.136007Z","175","175"
"悬浮时钟-抢购秒杀助手","1546947240","软件本体","app","立陶宛","lt","0","EUR","Free","0","0","","2026-09-15","2026-09-16T02:25:41.030793Z","AVAILABLE","EXACT","https://apps.apple.com/lt/app/floating-clock/id1546947240","true","PRICE","App ID","APP","","","","2026-09-16T02:24:04.136007Z","175","175"
"悬浮时钟-抢购秒杀助手","1546947240","软件本体","app","卢森堡","lu","0","EUR","Free","0","0","","2026-09-15","2026-09-16T02:25:40.711424Z","AVAILABLE","EXACT","https://apps.apple.com/lu/app/floating-clock/id1546947240","true","PRICE","App ID","APP","","","","2026-09-16T02:24:04.136007Z","175","175"
"悬浮时钟-抢购秒杀助手","1546947240","软件本体","app","拉脱维亚","lv","0","EUR","Free","0","0","","2026-09-15","2026-09-16T02:25:37.614102Z","AVAILABLE","EXACT","https://apps.apple.com/lv/app/floating-clock/id1546947240","true","PRICE","App ID","APP","","","","2026-09-16T02:24:04.136007Z","175","175"
"悬浮时钟-抢购秒杀助手","1546947240","软件本体","app","利比亚","ly","0","USD","Free","0","0","","2026-09-15","2026-09-16T02:25:42.079405Z","AVAILABLE","EXACT","https://apps.apple.com/ly/app/floating-clock/id1546947240","true","PRICE","App ID","APP","","","","2026-09-16T02:24:04.136007Z","175","175"
"悬浮时钟-抢购秒杀助手","1546947240","软件本体","app","摩洛哥","ma","0","USD","Free","0","0","","2026-09-15","2026-09-16T02:25:41.250770Z","AVAILABLE","EXACT","https://apps.apple.com/ma/app/floating-clock/id1546947240","true","PRICE","App ID","APP","","","","2026-09-16T02:24:04.136007Z","175","175"
"悬浮时钟-抢购秒杀助手","1546947240","软件本体","app","摩尔多瓦","md","0","USD","Free","0","0","","2026-09-15","2026-09-16T02:25:38.587929Z","AVAILABLE","EXACT","https://apps.apple.com/md/app/floating-clock/id1546947240","true","PRICE","App ID","APP","","","","2026-09-16T02:24:04.136007Z","175","175"
"悬浮时钟-抢购秒杀助手","1546947240","软件本体","app","黑山","me","0","EUR","Free","0","0","","2026-09-15","2026-09-16T02:25:40.715069Z","AVAILABLE","EXACT","https://apps.apple.com/me/app/floating-clock/id1546947240","true","PRICE","App ID","APP","","","","2026-09-16T02:24:04.136007Z","175","175"
"悬浮时钟-抢购秒杀助手","1546947240","软件本体","app","马达加斯加","mg","0","USD","Free","0","0","","2026-09-15","2026-09-16T02:25:45.731704Z","AVAILABLE","EXACT","https://apps.apple.com/mg/app/floating-clock/id1546947240","true","PRICE","App ID","APP","","","","2026-09-16T02:24:04.136007Z","175","175"
"悬浮时钟-抢购秒杀助手","1546947240","软件本体","app","北马其顿","mk","0","USD","Free","0","0","","2026-09-15","2026-09-16T02:25:40.501558Z","AVAILABLE","EXACT","https://apps.apple.com/mk/app/floating-clock/id1546947240","true","PRICE","App ID","APP","","","","2026-09-16T02:24:04.136007Z","175","175"
"悬浮时钟-抢购秒杀助手","1546947240","软件本体","app","马里","ml","0","USD","Free","0","0","","2026-09-15","2026-09-16T02:25:42.112590Z","AVAILABLE","EXACT","https://apps.apple.com/ml/app/floating-clock/id1546947240","true","PRICE","App ID","APP","","","","2026-09-16T02:24:04.136007Z","175","175"
"悬浮时钟-抢购秒杀助手","1546947240","软件本体","app","缅甸","mm","0","USD","Free","0","0","","2026-09-15","2026-09-16T02:25:44.485937Z","AVAILABLE","EXACT","https://apps.apple.com/mm/app/floating-clock/id1546947240","true","PRICE","App ID","APP","","","","2026-09-16T02:24:04.136007Z","175","175"
"悬浮时钟-抢购秒杀助手","1546947240","软件本体","app","蒙古","mn","0","USD","Free","0","0","","2026-09-15","2026-09-16T02:25:45.872907Z","AVAILABLE","EXACT","https://apps.apple.com/mn/app/floating-clock/id1546947240","true","PRICE","App ID","APP","","","","2026-09-16T02:24:04.136007Z","175","175"
"悬浮时钟-抢购秒杀助手","1546947240","软件本体","app","澳门","mo","0","USD","Free","0","0","","2026-09-15","2026-09-16T02:25:48.784869Z","AVAILABLE","EXACT","https://apps.apple.com/mo/app/%E6%87%B8%E6%B5%AE%E6%99%82%E9%90%98/id1546947240","true","PRICE","App ID","APP","","","","2026-09-16T02:24:04.136007Z","175","175"
"悬浮时钟-抢购秒杀助手","1546947240","软件本体","app","毛里塔尼亚","mr","0","USD","Free","0","0","","2026-09-15","2026-09-16T02:25:48.882788Z","AVAILABLE","EXACT","https://apps.apple.com/mr/app/floating-clock/id1546947240","true","PRICE","App ID","APP","","","","2026-09-16T02:24:04.136007Z","175","175"
"悬浮时钟-抢购秒杀助手","1546947240","软件本体","app","蒙特塞拉特","ms","0","USD","Free","0","0","","2026-09-15","2026-09-16T02:25:47.017392Z","AVAILABLE","EXACT","https://apps.apple.com/ms/app/floating-clock/id1546947240","true","PRICE","App ID","APP","","","","2026-09-16T02:24:04.136007Z","175","175"
"悬浮时钟-抢购秒杀助手","1546947240","软件本体","app","马耳他","mt","0","EUR","Free","0","0","","2026-09-15","2026-09-16T02:25:48.882135Z","AVAILABLE","EXACT","https://apps.apple.com/mt/app/floating-clock/id1546947240","true","PRICE","App ID","APP","","","","2026-09-16T02:24:04.136007Z","175","175"
"悬浮时钟-抢购秒杀助手","1546947240","软件本体","app","毛里求斯","mu","0","USD","Free","0","0","","2026-09-15","2026-09-16T02:25:44.752207Z","AVAILABLE","EXACT","https://apps.apple.com/mu/app/floating-clock/id1546947240","true","PRICE","App ID","APP","","","","2026-09-16T02:24:04.136007Z","175","175"
"悬浮时钟-抢购秒杀助手","1546947240","软件本体","app","马尔代夫","mv","0","USD","Free","0","0","","2026-09-15","2026-09-16T02:25:47.224637Z","AVAILABLE","EXACT","https://apps.apple.com/mv/app/floating-clock/id1546947240","true","PRICE","App ID","APP","","","","2026-09-16T02:24:04.136007Z","175","175"
"悬浮时钟-抢购秒杀助手","1546947240","软件本体","app","马拉维","mw","0","USD","Free","0","0","","2026-09-15","2026-09-16T02:25:48.014422Z","AVAILABLE","EXACT","https://apps.apple.com/mw/app/floating-clock/id1546947240","true","PRICE","App ID","APP","","","","2026-09-16T02:24:04.136007Z","175","175"
"悬浮时钟-抢购秒杀助手","1546947240","软件本体","app","墨西哥","mx","0","MXN","Free","0","0","","2026-09-15","2026-09-16T02:25:55.559552Z","AVAILABLE","EXACT","https://apps.apple.com/mx/app/reloj-flotante/id1546947240","true","PRICE","App ID","APP","","","","2026-09-16T02:24:04.136007Z","175","175"
"悬浮时钟-抢购秒杀助手","1546947240","软件本体","app","马来西亚","my","0","MYR","Free","0","0","","2026-09-15","2026-09-16T02:25:51.345400Z","AVAILABLE","EXACT","https://apps.apple.com/my/app/floating-clock/id1546947240","true","PRICE","App ID","APP","","","","2026-09-16T02:24:04.136007Z","175","175"
"悬浮时钟-抢购秒杀助手","1546947240","软件本体","app","莫桑比克","mz","0","USD","Free","0","0","","2026-09-15","2026-09-16T02:25:53.664322Z","AVAILABLE","EXACT","https://apps.apple.com/mz/app/floating-clock/id1546947240","true","PRICE","App ID","APP","","","","2026-09-16T02:24:04.136007Z","175","175"
"悬浮时钟-抢购秒杀助手","1546947240","软件本体","app","纳米比亚","na","0","USD","Free","0","0","","2026-09-15","2026-09-16T02:25:50.496171Z","AVAILABLE","EXACT","https://apps.apple.com/na/app/floating-clock/id1546947240","true","PRICE","App ID","APP","","","","2026-09-16T02:24:04.136007Z","175","175"
"悬浮时钟-抢购秒杀助手","1546947240","软件本体","app","尼日尔","ne","0","USD","Free","0","0","","2026-09-15","2026-09-16T02:25:51.018293Z","AVAILABLE","EXACT","https://apps.apple.com/ne/app/floating-clock/id1546947240","true","PRICE","App ID","APP","","","","2026-09-16T02:24:04.136007Z","175","175"
"悬浮时钟-抢购秒杀助手","1546947240","软件本体","app","尼日利亚","ng","0","NGN","Free","0","0","","2026-09-15","2026-09-16T02:25:56.022203Z","AVAILABLE","EXACT","https://apps.apple.com/ng/app/floating-clock/id1546947240","true","PRICE","App ID","APP","","","","2026-09-16T02:24:04.136007Z","175","175"
"悬浮时钟-抢购秒杀助手","1546947240","软件本体","app","尼加拉瓜","ni","0","USD","Free","0","0","","2026-09-15","2026-09-16T02:25:55.564573Z","AVAILABLE","EXACT","https://apps.apple.com/ni/app/reloj-flotante/id1546947240","true","PRICE","App ID","APP","","","","2026-09-16T02:24:04.136007Z","175","175"
"悬浮时钟-抢购秒杀助手","1546947240","软件本体","app","荷兰","nl","0","EUR","Free","0","0","","2026-09-15","2026-09-16T02:25:53.646292Z","AVAILABLE","EXACT","https://apps.apple.com/nl/app/%E6%82%AC%E6%B5%AE%E6%97%B6%E9%92%9F-%E6%8A%A2%E8%B4%AD%E7%A7%92%E6%9D%80%E5%8A%A9%E6%89%8B/id1546947240","true","PRICE","App ID","APP","","","","2026-09-16T02:24:04.136007Z","175","175"
"悬浮时钟-抢购秒杀助手","1546947240","软件本体","app","挪威","no","0","NOK","Free","0","0","","2026-09-15","2026-09-16T02:25:54.841858Z","AVAILABLE","EXACT","https://apps.apple.com/no/app/floating-clock/id1546947240","true","PRICE","App ID","APP","","","","2026-09-16T02:24:04.136007Z","175","175"
"悬浮时钟-抢购秒杀助手","1546947240","软件本体","app","尼泊尔","np","0","USD","Free","0","0","","2026-09-15","2026-09-16T02:25:56.864115Z","AVAILABLE","EXACT","https://apps.apple.com/np/app/floating-clock/id1546947240","true","PRICE","App ID","APP","","","","2026-09-16T02:24:04.136007Z","175","175"
"悬浮时钟-抢购秒杀助手","1546947240","软件本体","app","瑙鲁","nr","0","USD","Free","0","0","","2026-09-15","2026-09-16T02:25:58.026239Z","AVAILABLE","EXACT","https://apps.apple.com/nr/app/floating-clock/id1546947240","true","PRICE","App ID","APP","","","","2026-09-16T02:24:04.136007Z","175","175"
"悬浮时钟-抢购秒杀助手","1546947240","软件本体","app","新西兰","nz","0","NZD","Free","0","0","","2026-09-15","2026-09-16T02:26:01.769072Z","AVAILABLE","EXACT","https://apps.apple.com/nz/app/floating-clock/id1546947240","true","PRICE","App ID","APP","","","","2026-09-16T02:24:04.136007Z","175","175"
"悬浮时钟-抢购秒杀助手","1546947240","软件本体","app","阿曼","om","0","USD","Free","0","0","","2026-09-15","2026-09-16T02:25:57.443810Z","AVAILABLE","EXACT","https://apps.apple.com/om/app/floating-clock/id1546947240","true","PRICE","App ID","APP","","","","2026-09-16T02:24:04.136007Z","175","175"
"悬浮时钟-抢购秒杀助手","1546947240","软件本体","app","巴拿马","pa","0","USD","Free","0","0","","2026-09-15","2026-09-16T02:26:01.555610Z","AVAILABLE","EXACT","https://apps.apple.com/pa/app/reloj-flotante/id1546947240","true","PRICE","App ID","APP","","","","2026-09-16T02:24:04.136007Z","175","175"
"悬浮时钟-抢购秒杀助手","1546947240","软件本体","app","秘鲁","pe","0","PEN","Free","0","0","","2026-09-15","2026-09-16T02:25:59.105548Z","AVAILABLE","EXACT","https://apps.apple.com/pe/app/reloj-flotante/id1546947240","true","PRICE","App ID","APP","","","","2026-09-16T02:24:04.136007Z","175","175"
"悬浮时钟-抢购秒杀助手","1546947240","软件本体","app","巴布亚新几内亚","pg","0","USD","Free","0","0","","2026-09-15","2026-09-16T02:26:01.454947Z","AVAILABLE","EXACT","https://apps.apple.com/pg/app/floating-clock/id1546947240","true","PRICE","App ID","APP","","","","2026-09-16T02:24:04.136007Z","175","175"
"悬浮时钟-抢购秒杀助手","1546947240","软件本体","app","菲律宾","ph","0","PHP","Free","0","0","","2026-09-15","2026-09-16T02:26:00.495726Z","AVAILABLE","EXACT","https://apps.apple.com/ph/app/floating-clock/id1546947240","true","PRICE","App ID","APP","","","","2026-09-16T02:24:04.136007Z","175","175"
"悬浮时钟-抢购秒杀助手","1546947240","软件本体","app","巴基斯坦","pk","0","PKR","Free","0","0","","2026-09-15","2026-09-16T02:26:02.067947Z","AVAILABLE","EXACT","https://apps.apple.com/pk/app/floating-clock/id1546947240","true","PRICE","App ID","APP","","","","2026-09-16T02:24:04.136007Z","175","175"
"悬浮时钟-抢购秒杀助手","1546947240","软件本体","app","波兰","pl","0","PLN","Free","0","0","","2026-09-15","2026-09-16T02:26:02.906974Z","AVAILABLE","EXACT","https://apps.apple.com/pl/app/floating-clock/id1546947240","true","PRICE","App ID","APP","","","","2026-09-16T02:24:04.136007Z","175","175"
"悬浮时钟-抢购秒杀助手","1546947240","软件本体","app","葡萄牙","pt","0","EUR","Free","0","0","","2026-09-15","2026-09-16T02:26:05.625051Z","AVAILABLE","EXACT","https://apps.apple.com/pt/app/%E6%82%AC%E6%B5%AE%E6%97%B6%E9%92%9F-%E6%8A%A2%E8%B4%AD%E7%A7%92%E6%9D%80%E5%8A%A9%E6%89%8B/id1546947240","true","PRICE","App ID","APP","","","","2026-09-16T02:24:04.136007Z","175","175"
"悬浮时钟-抢购秒杀助手","1546947240","软件本体","app","帕劳","pw","0","USD","Free","0","0","","2026-09-15","2026-09-16T02:26:06.550942Z","AVAILABLE","EXACT","https://apps.apple.com/pw/app/floating-clock/id1546947240","true","PRICE","App ID","APP","","","","2026-09-16T02:24:04.136007Z","175","175"
"悬浮时钟-抢购秒杀助手","1546947240","软件本体","app","巴拉圭","py","0","USD","Free","0","0","","2026-09-15","2026-09-16T02:26:04.319020Z","AVAILABLE","EXACT","https://apps.apple.com/py/app/reloj-flotante/id1546947240","true","PRICE","App ID","APP","","","","2026-09-16T02:24:04.136007Z","175","175"
"悬浮时钟-抢购秒杀助手","1546947240","软件本体","app","卡塔尔","qa","0","QAR","Free","0","0","","2026-09-15","2026-09-16T02:26:06.861382Z","AVAILABLE","EXACT","https://apps.apple.com/qa/app/floating-clock/id1546947240","true","PRICE","App ID","APP","","","","2026-09-16T02:24:04.136007Z","175","175"
"悬浮时钟-抢购秒杀助手","1546947240","软件本体","app","罗马尼亚","ro","0","RON","Free","0","0","","2026-09-15","2026-09-16T02:26:05.588087Z","AVAILABLE","EXACT","https://apps.apple.com/ro/app/floating-clock/id1546947240","true","PRICE","App ID","APP","","","","2026-09-16T02:24:04.136007Z","175","175"
"悬浮时钟-抢购秒杀助手","1546947240","软件本体","app","塞尔维亚","rs","0","EUR","Free","0","0","","2026-09-15","2026-09-16T02:26:08.008936Z","AVAILABLE","EXACT","https://apps.apple.com/rs/app/floating-clock/id1546947240","true","PRICE","App ID","APP","","","","2026-09-16T02:24:04.136007Z","175","175"
"悬浮时钟-抢购秒杀助手","1546947240","软件本体","app","俄罗斯","ru","0","RUB","Free","0","0","","2026-09-15","2026-09-16T02:26:05.055880Z","AVAILABLE","EXACT","https://apps.apple.com/ru/app/%E6%82%AC%E6%B5%AE%E6%97%B6%E9%92%9F-%E6%8A%A2%E8%B4%AD%E7%A7%92%E6%9D%80%E5%8A%A9%E6%89%8B/id1546947240","true","PRICE","App ID","APP","","","","2026-09-16T02:24:04.136007Z","175","175"
"悬浮时钟-抢购秒杀助手","1546947240","软件本体","app","卢旺达","rw","0","USD","Free","0","0","","2026-09-15","2026-09-16T02:26:09.353170Z","AVAILABLE","EXACT","https://apps.apple.com/rw/app/floating-clock/id1546947240","true","PRICE","App ID","APP","","","","2026-09-16T02:24:04.136007Z","175","175"
"悬浮时钟-抢购秒杀助手","1546947240","软件本体","app","沙特阿拉伯","sa","0","SAR","Free","0","0","","2026-09-15","2026-09-16T02:26:09.931170Z","AVAILABLE","EXACT","https://apps.apple.com/sa/app/floating-clock/id1546947240","true","PRICE","App ID","APP","","","","2026-09-16T02:24:04.136007Z","175","175"
"悬浮时钟-抢购秒杀助手","1546947240","软件本体","app","所罗门群岛","sb","0","USD","Free","0","0","","2026-09-15","2026-09-16T02:26:07.708937Z","AVAILABLE","EXACT","https://apps.apple.com/sb/app/floating-clock/id1546947240","true","PRICE","App ID","APP","","","","2026-09-16T02:24:04.136007Z","175","175"
"悬浮时钟-抢购秒杀助手","1546947240","软件本体","app","塞舌尔","sc","0","USD","Free","0","0","","2026-09-15","2026-09-16T02:26:13.432772Z","AVAILABLE","EXACT","https://apps.apple.com/sc/app/floating-clock/id1546947240","true","PRICE","App ID","APP","","","","2026-09-16T02:24:04.136007Z","175","175"
"悬浮时钟-抢购秒杀助手","1546947240","软件本体","app","瑞典","se","0","SEK","Free","0","0","","2026-09-15","2026-09-16T02:26:11.975733Z","AVAILABLE","EXACT","https://apps.apple.com/se/app/%E6%82%AC%E6%B5%AE%E6%97%B6%E9%92%9F-%E6%8A%A2%E8%B4%AD%E7%A7%92%E6%9D%80%E5%8A%A9%E6%89%8B/id1546947240","true","PRICE","App ID","APP","","","","2026-09-16T02:24:04.136007Z","175","175"
"悬浮时钟-抢购秒杀助手","1546947240","软件本体","app","新加坡","sg","0","SGD","Free","0","0","","2026-09-15","2026-09-16T02:24:19.807675Z","AVAILABLE","EXACT","https://apps.apple.com/sg/app/floating-clock/id1546947240","true","PRICE","App ID","APP","","","","2026-09-16T02:24:04.136007Z","175","175"
"悬浮时钟-抢购秒杀助手","1546947240","软件本体","app","斯洛文尼亚","si","0","EUR","Free","0","0","","2026-09-15","2026-09-16T02:26:10.596890Z","AVAILABLE","EXACT","https://apps.apple.com/si/app/floating-clock/id1546947240","true","PRICE","App ID","APP","","","","2026-09-16T02:24:04.136007Z","175","175"
"悬浮时钟-抢购秒杀助手","1546947240","软件本体","app","斯洛伐克","sk","0","EUR","Free","0","0","","2026-09-15","2026-09-16T02:26:10.343663Z","AVAILABLE","EXACT","https://apps.apple.com/sk/app/floating-clock/id1546947240","true","PRICE","App ID","APP","","","","2026-09-16T02:24:04.136007Z","175","175"
"悬浮时钟-抢购秒杀助手","1546947240","软件本体","app","塞拉利昂","sl","0","USD","Free","0","0","","2026-09-15","2026-09-16T02:26:16.441845Z","AVAILABLE","EXACT","https://apps.apple.com/sl/app/floating-clock/id1546947240","true","PRICE","App ID","APP","","","","2026-09-16T02:24:04.136007Z","175","175"
"悬浮时钟-抢购秒杀助手","1546947240","软件本体","app","塞内加尔","sn","0","USD","Free","0","0","","2026-09-15","2026-09-16T02:26:14.467059Z","AVAILABLE","EXACT","https://apps.apple.com/sn/app/floating-clock/id1546947240","true","PRICE","App ID","APP","","","","2026-09-16T02:24:04.136007Z","175","175"
"悬浮时钟-抢购秒杀助手","1546947240","软件本体","app","苏里南","sr","0","USD","Free","0","0","","2026-09-15","2026-09-16T02:26:15.069287Z","AVAILABLE","EXACT","https://apps.apple.com/sr/app/floating-clock/id1546947240","true","PRICE","App ID","APP","","","","2026-09-16T02:24:04.136007Z","175","175"
"悬浮时钟-抢购秒杀助手","1546947240","软件本体","app","圣多美和普林西比","st","0","USD","Free","0","0","","2026-09-15","2026-09-16T02:26:15.757683Z","AVAILABLE","EXACT","https://apps.apple.com/st/app/floating-clock/id1546947240","true","PRICE","App ID","APP","","","","2026-09-16T02:24:04.136007Z","175","175"
"悬浮时钟-抢购秒杀助手","1546947240","软件本体","app","萨尔瓦多","sv","0","USD","Free","0","0","","2026-09-15","2026-09-16T02:26:13.759110Z","AVAILABLE","EXACT","https://apps.apple.com/sv/app/reloj-flotante/id1546947240","true","PRICE","App ID","APP","","","","2026-09-16T02:24:04.136007Z","175","175"
"悬浮时钟-抢购秒杀助手","1546947240","软件本体","app","斯威士兰","sz","0","USD","Free","0","0","","2026-09-15","2026-09-16T02:26:13.936690Z","AVAILABLE","EXACT","https://apps.apple.com/sz/app/floating-clock/id1546947240","true","PRICE","App ID","APP","","","","2026-09-16T02:24:04.136007Z","175","175"
"悬浮时钟-抢购秒杀助手","1546947240","软件本体","app","特克斯和凯科斯群岛","tc","0","USD","Free","0","0","","2026-09-15","2026-09-16T02:26:22.337927Z","AVAILABLE","EXACT","https://apps.apple.com/tc/app/floating-clock/id1546947240","true","PRICE","App ID","APP","","","","2026-09-16T02:24:04.136007Z","175","175"
"悬浮时钟-抢购秒杀助手","1546947240","软件本体","app","乍得","td","0","USD","Free","0","0","","2026-09-15","2026-09-16T02:26:19.217530Z","AVAILABLE","EXACT","https://apps.apple.com/td/app/floating-clock/id1546947240","true","PRICE","App ID","APP","","","","2026-09-16T02:24:04.136007Z","175","175"
"悬浮时钟-抢购秒杀助手","1546947240","软件本体","app","泰国","th","0","THB","Free","0","0","","2026-09-15","2026-09-16T02:26:21.260339Z","AVAILABLE","EXACT","https://apps.apple.com/th/app/floating-clock/id1546947240","true","PRICE","App ID","APP","","","","2026-09-16T02:24:04.136007Z","175","175"
"悬浮时钟-抢购秒杀助手","1546947240","软件本体","app","塔吉克斯坦","tj","0","USD","Free","0","0","","2026-09-15","2026-09-16T02:26:24.684911Z","AVAILABLE","EXACT","https://apps.apple.com/tj/app/floating-clock/id1546947240","true","PRICE","App ID","APP","","","","2026-09-16T02:24:04.136007Z","175","175"
"悬浮时钟-抢购秒杀助手","1546947240","软件本体","app","土库曼斯坦","tm","0","USD","Free","0","0","","2026-09-15","2026-09-16T02:26:24.210773Z","AVAILABLE","EXACT","https://apps.apple.com/tm/app/floating-clock/id1546947240","true","PRICE","App ID","APP","","","","2026-09-16T02:24:04.136007Z","175","175"
"悬浮时钟-抢购秒杀助手","1546947240","软件本体","app","突尼斯","tn","0","USD","Free","0","0","","2026-09-15","2026-09-16T02:26:26.646303Z","AVAILABLE","EXACT","https://apps.apple.com/tn/app/floating-clock/id1546947240","true","PRICE","App ID","APP","","","","2026-09-16T02:24:04.136007Z","175","175"
"悬浮时钟-抢购秒杀助手","1546947240","软件本体","app","汤加","to","0","USD","Free","0","0","","2026-09-15","2026-09-16T02:26:25.043200Z","AVAILABLE","EXACT","https://apps.apple.com/to/app/floating-clock/id1546947240","true","PRICE","App ID","APP","","","","2026-09-16T02:24:04.136007Z","175","175"
"悬浮时钟-抢购秒杀助手","1546947240","软件本体","app","土耳其","tr","0","TRY","Free","0","0","","2026-09-15","2026-09-16T02:24:18.733988Z","AVAILABLE","EXACT","https://apps.apple.com/tr/app/floating-clock/id1546947240","true","PRICE","App ID","APP","","","","2026-09-16T02:24:04.136007Z","175","175"
"悬浮时钟-抢购秒杀助手","1546947240","软件本体","app","特立尼达和多巴哥","tt","0","USD","Free","0","0","","2026-09-15","2026-09-16T02:26:25.685821Z","AVAILABLE","EXACT","https://apps.apple.com/tt/app/floating-clock/id1546947240","true","PRICE","App ID","APP","","","","2026-09-16T02:24:04.136007Z","175","175"
"悬浮时钟-抢购秒杀助手","1546947240","软件本体","app","台湾","tw","0","TWD","Free","0","0","","2026-09-15","2026-09-16T02:24:11.403317Z","AVAILABLE","EXACT","https://apps.apple.com/tw/app/%E6%87%B8%E6%B5%AE%E6%99%82%E9%90%98/id1546947240","true","PRICE","App ID","APP","","","","2026-09-16T02:24:04.136007Z","175","175"
"悬浮时钟-抢购秒杀助手","1546947240","软件本体","app","坦桑尼亚","tz","0","TZS","Free","0","0","","2026-09-15","2026-09-16T02:26:31.146099Z","AVAILABLE","EXACT","https://apps.apple.com/tz/app/floating-clock/id1546947240","true","PRICE","App ID","APP","","","","2026-09-16T02:24:04.136007Z","175","175"
"悬浮时钟-抢购秒杀助手","1546947240","软件本体","app","乌克兰","ua","0","USD","Free","0","0","","2026-09-15","2026-09-16T02:26:31.080840Z","AVAILABLE","EXACT","https://apps.apple.com/ua/app/floating-clock/id1546947240","true","PRICE","App ID","APP","","","","2026-09-16T02:24:04.136007Z","175","175"
"悬浮时钟-抢购秒杀助手","1546947240","软件本体","app","乌干达","ug","0","USD","Free","0","0","","2026-09-15","2026-09-16T02:26:31.035140Z","AVAILABLE","EXACT","https://apps.apple.com/ug/app/floating-clock/id1546947240","true","PRICE","App ID","APP","","","","2026-09-16T02:24:04.136007Z","175","175"
"悬浮时钟-抢购秒杀助手","1546947240","软件本体","app","美国","us","0","USD","Free","0","0","","2026-09-15","2026-09-16T02:24:19.475026Z","AVAILABLE","EXACT","https://apps.apple.com/us/app/floating-clock/id1546947240","true","PRICE","App ID","APP","","","","2026-09-16T02:24:04.136007Z","175","175"
"悬浮时钟-抢购秒杀助手","1546947240","软件本体","app","乌拉圭","uy","0","USD","Free","0","0","","2026-09-15","2026-09-16T02:26:30.858406Z","AVAILABLE","EXACT","https://apps.apple.com/uy/app/floating-clock/id1546947240","true","PRICE","App ID","APP","","","","2026-09-16T02:24:04.136007Z","175","175"
"悬浮时钟-抢购秒杀助手","1546947240","软件本体","app","乌兹别克斯坦","uz","0","USD","Free","0","0","","2026-09-15","2026-09-16T02:26:31.644067Z","AVAILABLE","EXACT","https://apps.apple.com/uz/app/floating-clock/id1546947240","true","PRICE","App ID","APP","","","","2026-09-16T02:24:04.136007Z","175","175"
"悬浮时钟-抢购秒杀助手","1546947240","软件本体","app","圣文森特和格林纳丁斯","vc","0","USD","Free","0","0","","2026-09-15","2026-09-16T02:26:29.377095Z","AVAILABLE","EXACT","https://apps.apple.com/vc/app/floating-clock/id1546947240","true","PRICE","App ID","APP","","","","2026-09-16T02:24:04.136007Z","175","175"
"悬浮时钟-抢购秒杀助手","1546947240","软件本体","app","委内瑞拉","ve","0","USD","Free","0","0","","2026-09-15","2026-09-16T02:26:30.852690Z","AVAILABLE","EXACT","https://apps.apple.com/ve/app/reloj-flotante/id1546947240","true","PRICE","App ID","APP","","","","2026-09-16T02:24:04.136007Z","175","175"
"悬浮时钟-抢购秒杀助手","1546947240","软件本体","app","英属维尔京群岛","vg","0","USD","Free","0","0","","2026-09-15","2026-09-16T02:26:37.293346Z","AVAILABLE","EXACT","https://apps.apple.com/vg/app/floating-clock/id1546947240","true","PRICE","App ID","APP","","","","2026-09-16T02:24:04.136007Z","175","175"
"悬浮时钟-抢购秒杀助手","1546947240","软件本体","app","越南","vn","0","VND","Free","0","0","","2026-09-15","2026-09-16T02:26:33.133306Z","AVAILABLE","EXACT","https://apps.apple.com/vn/app/floating-clock/id1546947240","true","PRICE","App ID","APP","","","","2026-09-16T02:24:04.136007Z","175","175"
"悬浮时钟-抢购秒杀助手","1546947240","软件本体","app","瓦努阿图","vu","0","USD","Free","0","0","","2026-09-15","2026-09-16T02:26:37.377542Z","AVAILABLE","EXACT","https://apps.apple.com/vu/app/floating-clock/id1546947240","true","PRICE","App ID","APP","","","","2026-09-16T02:24:04.136007Z","175","175"
"悬浮时钟-抢购秒杀助手","1546947240","软件本体","app","科索沃","xk","0","EUR","Free","0","0","","2026-09-15","2026-09-16T02:26:37.396524Z","AVAILABLE","EXACT","https://apps.apple.com/xk/app/floating-clock/id1546947240","true","PRICE","App ID","APP","","","","2026-09-16T02:24:04.136007Z","175","175"
"悬浮时钟-抢购秒杀助手","1546947240","软件本体","app","也门","ye","0","USD","Free","0","0","","2026-09-15","2026-09-16T02:26:37.355482Z","AVAILABLE","EXACT","https://apps.apple.com/ye/app/floating-clock/id1546947240","true","PRICE","App ID","APP","","","","2026-09-16T02:24:04.136007Z","175","175"
"悬浮时钟-抢购秒杀助手","1546947240","软件本体","app","南非","za","0","ZAR","Free","0","0","","2026-09-15","2026-09-16T02:26:37.772063Z","AVAILABLE","EXACT","https://apps.apple.com/za/app/floating-clock/id1546947240","true","PRICE","App ID","APP","","","","2026-09-16T02:24:04.136007Z","175","175"
"悬浮时钟-抢购秒杀助手","1546947240","软件本体","app","赞比亚","zm","0","USD","Free","0","0","","2026-09-15","2026-09-16T02:26:37.739552Z","AVAILABLE","EXACT","https://apps.apple.com/zm/app/floating-clock/id1546947240","true","PRICE","App ID","APP","","","","2026-09-16T02:24:04.136007Z","175","175"
"悬浮时钟-抢购秒杀助手","1546947240","软件本体","app","津巴布韦","zw","0","USD","Free","0","0","","2026-09-15","2026-09-16T02:26:37.260240Z","AVAILABLE","EXACT","https://apps.apple.com/zw/app/floating-clock/id1546947240","true","PRICE","App ID","APP","","","","2026-09-16T02:24:04.136007Z","175","175"
"悬浮时钟-抢购秒杀助手","1546947240","Lifetime Membership","iap-8bcee3b9718b7199c18979d1","巴基斯坦","pk","1300","PKR","Rs 1,300.00","31.45177901408811","4.686877112060164","0.024193676164683164","2026-09-15","2026-09-16T02:26:02.067947Z","AVAILABLE","INFERRED","https://apps.apple.com/pk/app/floating-clock/id1546947240","true","PRICE","页面英文名称","UNKNOWN","","","","2026-09-16T02:24:04.136007Z","175","175"
"悬浮时钟-抢购秒杀助手","1546947240","Lifetime Membership","iap-8bcee3b9718b7199c18979d1","台湾","tw","150","TWD","$150.00","31.666954281991348","4.718942072130161","0.211113028546609","2026-09-15","2026-09-16T02:24:11.403317Z","AVAILABLE","INFERRED","https://apps.apple.com/tw/app/%E6%87%B8%E6%B5%AE%E6%99%82%E9%90%98/id1546947240","true","PRICE","同区英文页唯一金额对应: https://apps.apple.com/tw/app/floating-clock/id1546947240?l=en-GB","UNKNOWN","","","","2026-09-16T02:24:04.136007Z","175","175"
"悬浮时钟-抢购秒杀助手","1546947240","Lifetime Membership","iap-8bcee3b9718b7199c18979d1","菲律宾","ph","299","PHP","₱ 299.00","31.90243844449822","4.75403342041325","0.1066971185434723","2026-09-15","2026-09-16T02:26:00.495726Z","AVAILABLE","INFERRED","https://apps.apple.com/ph/app/floating-clock/id1546947240","true","PRICE","页面英文名称","UNKNOWN","","","","2026-09-16T02:24:04.136007Z","175","175"
"悬浮时钟-抢购秒杀助手","1546947240","Lifetime Membership","iap-8bcee3b9718b7199c18979d1","埃及","eg","249.99","EGP","EGP 249.99","32.44489616056079","4.834869313751279","0.12978477603328448","2026-09-15","2026-09-16T02:25:14.714348Z","AVAILABLE","INFERRED","https://apps.apple.com/eg/app/floating-clock/id1546947240","true","PRICE","页面英文名称","UNKNOWN","","","","2026-09-16T02:24:04.136007Z","175","175"
"悬浮时钟-抢购秒杀助手","1546947240","Lifetime Membership","iap-8bcee3b9718b7199c18979d1","香港","hk","38","HKD","HK$ 38.00","32.51017916770383","4.844597648413943","0.8555310307290483","2026-09-15","2026-09-16T02:24:12.885638Z","AVAILABLE","INFERRED","https://apps.apple.com/hk/app/%E6%87%B8%E6%B5%AE%E6%99%82%E9%90%98/id1546947240","true","PRICE","同区英文页唯一金额对应: https://apps.apple.com/hk/app/floating-clock/id1546947240?l=en-GB","UNKNOWN","","","","2026-09-16T02:24:04.136007Z","175","175"
"悬浮时钟-抢购秒杀助手","1546947240","Lebenslange Mitgliedschaft","iap-8bcee3b9718b7199c18979d1","瑞士","ch","4","CHF","CHF 4.00","32.80372713556152","4.888341541286511","8.20093178389038","2026-09-15","2026-09-16T02:24:47.795948Z","AVAILABLE","INFERRED","https://apps.apple.com/ch/app/schwebende-uhr/id1546947240","true","PRICE","同区英文页唯一金额对应: https://apps.apple.com/ch/app/floating-clock/id1546947240?l=en-GB","UNKNOWN","","","","2026-09-16T02:24:04.136007Z","175","175"
"悬浮时钟-抢购秒杀助手","1546947240","Lifetime Membership","iap-8bcee3b9718b7199c18979d1","以色列","il","14.9","ILS","₪14.90","32.87177467378042","4.898481840481268","2.206159374079223","2026-09-15","2026-09-16T02:25:28.570242Z","AVAILABLE","INFERRED","https://apps.apple.com/il/app/floating-clock/id1546947240","true","PRICE","页面英文名称","UNKNOWN","","","","2026-09-16T02:24:04.136007Z","175","175"
"悬浮时钟-抢购秒杀助手","1546947240","Lifetime Membership","iap-8bcee3b9718b7199c18979d1","阿富汗","af","4.99","USD","USD 4.99","33.4859168542","4.99","6.71060458","2026-09-15","2026-09-16T02:24:21.716106Z","AVAILABLE","INFERRED","https://apps.apple.com/af/app/floating-clock/id1546947240","true","PRICE","页面英文名称","UNKNOWN","","","","2026-09-16T02:24:04.136007Z","175","175"
"悬浮时钟-抢购秒杀助手","1546947240","Lifetime Membership","iap-8bcee3b9718b7199c18979d1","安提瓜和巴布达","ag","4.99","USD","USD 4.99","33.4859168542","4.99","6.71060458","2026-09-15","2026-09-16T02:24:28.273026Z","AVAILABLE","INFERRED","https://apps.apple.com/ag/app/floating-clock/id1546947240","true","PRICE","页面英文名称","UNKNOWN","","","","2026-09-16T02:24:04.136007Z","175","175"
"悬浮时钟-抢购秒杀助手","1546947240","Lifetime Membership","iap-8bcee3b9718b7199c18979d1","安圭拉","ai","4.99","USD","USD 4.99","33.4859168542","4.99","6.71060458","2026-09-15","2026-09-16T02:24:25.871160Z","AVAILABLE","INFERRED","https://apps.apple.com/ai/app/floating-clock/id1546947240","true","PRICE","页面英文名称","UNKNOWN","","","","2026-09-16T02:24:04.136007Z","175","175"
"悬浮时钟-抢购秒杀助手","1546947240","Lifetime Membership","iap-8bcee3b9718b7199c18979d1","安哥拉","ao","4.99","USD","USD 4.99","33.4859168542","4.99","6.71060458","2026-09-15","2026-09-16T02:24:26.512157Z","AVAILABLE","INFERRED","https://apps.apple.com/ao/app/floating-clock/id1546947240","true","PRICE","页面英文名称","UNKNOWN","","","","2026-09-16T02:24:04.136007Z","175","175"
"悬浮时钟-抢购秒杀助手","1546947240","Lifetime Membership","iap-8bcee3b9718b7199c18979d1","阿根廷","ar","4.99","USD","USD 4.99","33.4859168542","4.99","6.71060458","2026-09-15","2026-09-16T02:24:39.715681Z","AVAILABLE","INFERRED","https://apps.apple.com/ar/app/reloj-flotante/id1546947240","true","PRICE","同区英文页唯一金额对应: https://apps.apple.com/ar/app/floating-clock/id1546947240?l=en-GB","UNKNOWN","","","","2026-09-16T02:24:04.136007Z","175","175"
"悬浮时钟-抢购秒杀助手","1546947240","Lifetime Membership","iap-8bcee3b9718b7199c18979d1","布基纳法索","bf","4.99","USD","USD 4.99","33.4859168542","4.99","6.71060458","2026-09-15","2026-09-16T02:24:33.935831Z","AVAILABLE","INFERRED","https://apps.apple.com/bf/app/floating-clock/id1546947240","true","PRICE","页面英文名称","UNKNOWN","","","","2026-09-16T02:24:04.136007Z","175","175"
"悬浮时钟-抢购秒杀助手","1546947240","Lifetime Membership","iap-8bcee3b9718b7199c18979d1","巴林","bh","4.99","USD","$4.99","33.4859168542","4.99","6.71060458","2026-09-15","2026-09-16T02:24:36.065487Z","AVAILABLE","INFERRED","https://apps.apple.com/bh/app/floating-clock/id1546947240","true","PRICE","页面英文名称","UNKNOWN","","","","2026-09-16T02:24:04.136007Z","175","175"
"悬浮时钟-抢购秒杀助手","1546947240","Lifetime Membership","iap-8bcee3b9718b7199c18979d1","百慕大","bm","4.99","USD","USD 4.99","33.4859168542","4.99","6.71060458","2026-09-15","2026-09-16T02:24:38.812032Z","AVAILABLE","INFERRED","https://apps.apple.com/bm/app/floating-clock/id1546947240","true","PRICE","页面英文名称","UNKNOWN","","","","2026-09-16T02:24:04.136007Z","175","175"
"悬浮时钟-抢购秒杀助手","1546947240","Lifetime Membership","iap-8bcee3b9718b7199c18979d1","文莱","bn","4.99","USD","USD 4.99","33.4859168542","4.99","6.71060458","2026-09-15","2026-09-16T02:24:43.106742Z","AVAILABLE","INFERRED","https://apps.apple.com/bn/app/floating-clock/id1546947240","true","PRICE","页面英文名称","UNKNOWN","","","","2026-09-16T02:24:04.136007Z","175","175"
"悬浮时钟-抢购秒杀助手","1546947240","Lifetime Membership","iap-8bcee3b9718b7199c18979d1","玻利维亚","bo","4.99","USD","USD 4.99","33.4859168542","4.99","6.71060458","2026-09-15","2026-09-16T02:24:43.232982Z","AVAILABLE","INFERRED","https://apps.apple.com/bo/app/reloj-flotante/id1546947240","true","PRICE","同区英文页唯一金额对应: https://apps.apple.com/bo/app/floating-clock/id1546947240?l=en-GB","UNKNOWN","","","","2026-09-16T02:24:04.136007Z","175","175"
"悬浮时钟-抢购秒杀助手","1546947240","Lifetime Membership","iap-8bcee3b9718b7199c18979d1","巴哈马","bs","4.99","USD","USD 4.99","33.4859168542","4.99","6.71060458","2026-09-15","2026-09-16T02:24:40.873062Z","AVAILABLE","INFERRED","https://apps.apple.com/bs/app/floating-clock/id1546947240","true","PRICE","页面英文名称","UNKNOWN","","","","2026-09-16T02:24:04.136007Z","175","175"
"悬浮时钟-抢购秒杀助手","1546947240","Lifetime Membership","iap-8bcee3b9718b7199c18979d1","不丹","bt","4.99","USD","USD 4.99","33.4859168542","4.99","6.71060458","2026-09-15","2026-09-16T02:24:42.988409Z","AVAILABLE","INFERRED","https://apps.apple.com/bt/app/floating-clock/id1546947240","true","PRICE","页面英文名称","UNKNOWN","","","","2026-09-16T02:24:04.136007Z","175","175"
"悬浮时钟-抢购秒杀助手","1546947240","Lifetime Membership","iap-8bcee3b9718b7199c18979d1","博茨瓦纳","bw","4.99","USD","USD 4.99","33.4859168542","4.99","6.71060458","2026-09-15","2026-09-16T02:24:53.355378Z","AVAILABLE","INFERRED","https://apps.apple.com/bw/app/floating-clock/id1546947240","true","PRICE","页面英文名称","UNKNOWN","","","","2026-09-16T02:24:04.136007Z","175","175"
"悬浮时钟-抢购秒杀助手","1546947240","Lifetime Membership","iap-8bcee3b9718b7199c18979d1","伯利兹","bz","4.99","USD","USD 4.99","33.4859168542","4.99","6.71060458","2026-09-15","2026-09-16T02:24:49.123519Z","AVAILABLE","INFERRED","https://apps.apple.com/bz/app/floating-clock/id1546947240","true","PRICE","页面英文名称","UNKNOWN","","","","2026-09-16T02:24:04.136007Z","175","175"
"悬浮时钟-抢购秒杀助手","1546947240","Lifetime Membership","iap-8bcee3b9718b7199c18979d1","刚果（金）","cd","4.99","USD","USD 4.99","33.4859168542","4.99","6.71060458","2026-09-15","2026-09-16T02:24:52.970231Z","AVAILABLE","INFERRED","https://apps.apple.com/cd/app/floating-clock/id1546947240","true","PRICE","页面英文名称","UNKNOWN","","","","2026-09-16T02:24:04.136007Z","175","175"
"悬浮时钟-抢购秒杀助手","1546947240","Lifetime Membership","iap-8bcee3b9718b7199c18979d1","哥斯达黎加","cr","4.99","USD","USD 4.99","33.4859168542","4.99","6.71060458","2026-09-15","2026-09-16T02:25:01.060517Z","AVAILABLE","INFERRED","https://apps.apple.com/cr/app/reloj-flotante/id1546947240","true","PRICE","同区英文页唯一金额对应: https://apps.apple.com/cr/app/floating-clock/id1546947240?l=en-GB","UNKNOWN","","","","2026-09-16T02:24:04.136007Z","175","175"
"悬浮时钟-抢购秒杀助手","1546947240","Lifetime Membership","iap-8bcee3b9718b7199c18979d1","佛得角","cv","4.99","USD","USD 4.99","33.4859168542","4.99","6.71060458","2026-09-15","2026-09-16T02:25:03.267620Z","AVAILABLE","INFERRED","https://apps.apple.com/cv/app/floating-clock/id1546947240","true","PRICE","页面英文名称","UNKNOWN","","","","2026-09-16T02:24:04.136007Z","175","175"
"悬浮时钟-抢购秒杀助手","1546947240","Lifetime Membership","iap-8bcee3b9718b7199c18979d1","多米尼克","dm","4.99","USD","USD 4.99","33.4859168542","4.99","6.71060458","2026-09-15","2026-09-16T02:25:03.003239Z","AVAILABLE","INFERRED","https://apps.apple.com/dm/app/floating-clock/id1546947240","true","PRICE","页面英文名称","UNKNOWN","","","","2026-09-16T02:24:04.136007Z","175","175"
"悬浮时钟-抢购秒杀助手","1546947240","Lifetime Membership","iap-8bcee3b9718b7199c18979d1","多米尼加共和国","do","4.99","USD","USD 4.99","33.4859168542","4.99","6.71060458","2026-09-15","2026-09-16T02:25:02.894164Z","AVAILABLE","INFERRED","https://apps.apple.com/do/app/reloj-flotante/id1546947240","true","PRICE","同区英文页唯一金额对应: https://apps.apple.com/do/app/floating-clock/id1546947240?l=en-GB","UNKNOWN","","","","2026-09-16T02:24:04.136007Z","175","175"
"悬浮时钟-抢购秒杀助手","1546947240","Lifetime Membership","iap-8bcee3b9718b7199c18979d1","阿尔及利亚","dz","4.99","USD","$4.99","33.4859168542","4.99","6.71060458","2026-09-15","2026-09-16T02:25:07.255667Z","AVAILABLE","INFERRED","https://apps.apple.com/dz/app/floating-clock/id1546947240","true","PRICE","页面英文名称","UNKNOWN","","","","2026-09-16T02:24:04.136007Z","175","175"
"悬浮时钟-抢购秒杀助手","1546947240","Lifetime Membership","iap-8bcee3b9718b7199c18979d1","厄瓜多尔","ec","4.99","USD","USD 4.99","33.4859168542","4.99","6.71060458","2026-09-15","2026-09-16T02:25:06.606821Z","AVAILABLE","INFERRED","https://apps.apple.com/ec/app/reloj-flotante/id1546947240","true","PRICE","同区英文页唯一金额对应: https://apps.apple.com/ec/app/floating-clock/id1546947240?l=en-GB","UNKNOWN","","","","2026-09-16T02:24:04.136007Z","175","175"
"悬浮时钟-抢购秒杀助手","1546947240","Lifetime Membership","iap-8bcee3b9718b7199c18979d1","斐济","fj","4.99","USD","USD 4.99","33.4859168542","4.99","6.71060458","2026-09-15","2026-09-16T02:25:09.500729Z","AVAILABLE","INFERRED","https://apps.apple.com/fj/app/floating-clock/id1546947240","true","PRICE","页面英文名称","UNKNOWN","","","","2026-09-16T02:24:04.136007Z","175","175"
"悬浮时钟-抢购秒杀助手","1546947240","Lifetime Membership","iap-8bcee3b9718b7199c18979d1","密克罗尼西亚","fm","4.99","USD","USD 4.99","33.4859168542","4.99","6.71060458","2026-09-15","2026-09-16T02:25:13.750737Z","AVAILABLE","INFERRED","https://apps.apple.com/fm/app/floating-clock/id1546947240","true","PRICE","页面英文名称","UNKNOWN","","","","2026-09-16T02:24:04.136007Z","175","175"
"悬浮时钟-抢购秒杀助手","1546947240","Lifetime Membership","iap-8bcee3b9718b7199c18979d1","加蓬","ga","4.99","USD","USD 4.99","33.4859168542","4.99","6.71060458","2026-09-15","2026-09-16T02:25:12.287745Z","AVAILABLE","INFERRED","https://apps.apple.com/ga/app/%E6%82%AC%E6%B5%AE%E6%97%B6%E9%92%9F-%E6%8A%A2%E8%B4%AD%E7%A7%92%E6%9D%80%E5%8A%A9%E6%89%8B/id1546947240","true","PRICE","同区英文页唯一金额对应: https://apps.apple.com/ga/app/floating-clock/id1546947240?l=en-GB","UNKNOWN","","","","2026-09-16T02:24:04.136007Z","175","175"
"悬浮时钟-抢购秒杀助手","1546947240","Lifetime Membership","iap-8bcee3b9718b7199c18979d1","格林纳达","gd","4.99","USD","USD 4.99","33.4859168542","4.99","6.71060458","2026-09-15","2026-09-16T02:25:13.163373Z","AVAILABLE","INFERRED","https://apps.apple.com/gd/app/floating-clock/id1546947240","true","PRICE","页面英文名称","UNKNOWN","","","","2026-09-16T02:24:04.136007Z","175","175"
"悬浮时钟-抢购秒杀助手","1546947240","Lifetime Membership","iap-8bcee3b9718b7199c18979d1","冈比亚","gm","4.99","USD","USD 4.99","33.4859168542","4.99","6.71060458","2026-09-15","2026-09-16T02:25:20.496387Z","AVAILABLE","INFERRED","https://apps.apple.com/gm/app/floating-clock/id1546947240","true","PRICE","页面英文名称","UNKNOWN","","","","2026-09-16T02:24:04.136007Z","175","175"
"悬浮时钟-抢购秒杀助手","1546947240","Lifetime Membership","iap-8bcee3b9718b7199c18979d1","危地马拉","gt","4.99","USD","USD 4.99","33.4859168542","4.99","6.71060458","2026-09-15","2026-09-16T02:25:20.742280Z","AVAILABLE","INFERRED","https://apps.apple.com/gt/app/reloj-flotante/id1546947240","true","PRICE","同区英文页唯一金额对应: https://apps.apple.com/gt/app/floating-clock/id1546947240?l=en-GB","UNKNOWN","","","","2026-09-16T02:24:04.136007Z","175","175"
"悬浮时钟-抢购秒杀助手","1546947240","Lifetime Membership","iap-8bcee3b9718b7199c18979d1","几内亚比绍","gw","4.99","USD","USD 4.99","33.4859168542","4.99","6.71060458","2026-09-15","2026-09-16T02:25:25.332189Z","AVAILABLE","INFERRED","https://apps.apple.com/gw/app/floating-clock/id1546947240","true","PRICE","页面英文名称","UNKNOWN","","","","2026-09-16T02:24:04.136007Z","175","175"
"悬浮时钟-抢购秒杀助手","1546947240","Lifetime Membership","iap-8bcee3b9718b7199c18979d1","圭亚那","gy","4.99","USD","USD 4.99","33.4859168542","4.99","6.71060458","2026-09-15","2026-09-16T02:25:18.131441Z","AVAILABLE","INFERRED","https://apps.apple.com/gy/app/floating-clock/id1546947240","true","PRICE","页面英文名称","UNKNOWN","","","","2026-09-16T02:24:04.136007Z","175","175"
"悬浮时钟-抢购秒杀助手","1546947240","Lifetime Membership","iap-8bcee3b9718b7199c18979d1","洪都拉斯","hn","4.99","USD","USD 4.99","33.4859168542","4.99","6.71060458","2026-09-15","2026-09-16T02:25:19.539151Z","AVAILABLE","INFERRED","https://apps.apple.com/hn/app/reloj-flotante/id1546947240","true","PRICE","同区英文页唯一金额对应: https://apps.apple.com/hn/app/floating-clock/id1546947240?l=en-GB","UNKNOWN","","","","2026-09-16T02:24:04.136007Z","175","175"
"悬浮时钟-抢购秒杀助手","1546947240","Lifetime Membership","iap-8bcee3b9718b7199c18979d1","伊拉克","iq","4.99","USD","$4.99","33.4859168542","4.99","6.71060458","2026-09-15","2026-09-16T02:25:24.059674Z","AVAILABLE","INFERRED","https://apps.apple.com/iq/app/floating-clock/id1546947240","true","PRICE","页面英文名称","UNKNOWN","","","","2026-09-16T02:24:04.136007Z","175","175"
"悬浮时钟-抢购秒杀助手","1546947240","Lifetime Membership","iap-8bcee3b9718b7199c18979d1","牙买加","jm","4.99","USD","USD 4.99","33.4859168542","4.99","6.71060458","2026-09-15","2026-09-16T02:25:26.861467Z","AVAILABLE","INFERRED","https://apps.apple.com/jm/app/floating-clock/id1546947240","true","PRICE","页面英文名称","UNKNOWN","","","","2026-09-16T02:24:04.136007Z","175","175"
"悬浮时钟-抢购秒杀助手","1546947240","Lifetime Membership","iap-8bcee3b9718b7199c18979d1","约旦","jo","4.99","USD","$4.99","33.4859168542","4.99","6.71060458","2026-09-15","2026-09-16T02:25:34.618216Z","AVAILABLE","INFERRED","https://apps.apple.com/jo/app/floating-clock/id1546947240","true","PRICE","页面英文名称","UNKNOWN","","","","2026-09-16T02:24:04.136007Z","175","175"
"悬浮时钟-抢购秒杀助手","1546947240","Lifetime Membership","iap-8bcee3b9718b7199c18979d1","吉尔吉斯斯坦","kg","4.99","USD","USD 4.99","33.4859168542","4.99","6.71060458","2026-09-15","2026-09-16T02:25:28.740437Z","AVAILABLE","INFERRED","https://apps.apple.com/kg/app/floating-clock/id1546947240","true","PRICE","页面英文名称","UNKNOWN","","","","2026-09-16T02:24:04.136007Z","175","175"
"悬浮时钟-抢购秒杀助手","1546947240","Lifetime Membership","iap-8bcee3b9718b7199c18979d1","柬埔寨","kh","4.99","USD","USD 4.99","33.4859168542","4.99","6.71060458","2026-09-15","2026-09-16T02:25:30.079506Z","AVAILABLE","INFERRED","https://apps.apple.com/kh/app/floating-clock/id1546947240","true","PRICE","页面英文名称","UNKNOWN","","","","2026-09-16T02:24:04.136007Z","175","175"
"悬浮时钟-抢购秒杀助手","1546947240","Lifetime Membership","iap-8bcee3b9718b7199c18979d1","圣基茨和尼维斯","kn","4.99","USD","USD 4.99","33.4859168542","4.99","6.71060458","2026-09-15","2026-09-16T02:25:31.782741Z","AVAILABLE","INFERRED","https://apps.apple.com/kn/app/floating-clock/id1546947240","true","PRICE","页面英文名称","UNKNOWN","","","","2026-09-16T02:24:04.136007Z","175","175"
"悬浮时钟-抢购秒杀助手","1546947240","Lifetime Membership","iap-8bcee3b9718b7199c18979d1","科威特","kw","4.99","USD","$4.99","33.4859168542","4.99","6.71060458","2026-09-15","2026-09-16T02:25:35.307458Z","AVAILABLE","INFERRED","https://apps.apple.com/kw/app/floating-clock/id1546947240","true","PRICE","页面英文名称","UNKNOWN","","","","2026-09-16T02:24:04.136007Z","175","175"
"悬浮时钟-抢购秒杀助手","1546947240","Lifetime Membership","iap-8bcee3b9718b7199c18979d1","开曼群岛","ky","4.99","USD","USD 4.99","33.4859168542","4.99","6.71060458","2026-09-15","2026-09-16T02:25:34.548457Z","AVAILABLE","INFERRED","https://apps.apple.com/ky/app/floating-clock/id1546947240","true","PRICE","页面英文名称","UNKNOWN","","","","2026-09-16T02:24:04.136007Z","175","175"
"悬浮时钟-抢购秒杀助手","1546947240","Lifetime Membership","iap-8bcee3b9718b7199c18979d1","老挝","la","4.99","USD","USD 4.99","33.4859168542","4.99","6.71060458","2026-09-15","2026-09-16T02:25:31.923284Z","AVAILABLE","INFERRED","https://apps.apple.com/la/app/floating-clock/id1546947240","true","PRICE","页面英文名称","UNKNOWN","","","","2026-09-16T02:24:04.136007Z","175","175"
"悬浮时钟-抢购秒杀助手","1546947240","Lifetime Membership","iap-8bcee3b9718b7199c18979d1","黎巴嫩","lb","4.99","USD","$4.99","33.4859168542","4.99","6.71060458","2026-09-15","2026-09-16T02:25:33.639299Z","AVAILABLE","INFERRED","https://apps.apple.com/lb/app/floating-clock/id1546947240","true","PRICE","页面英文名称","UNKNOWN","","","","2026-09-16T02:24:04.136007Z","175","175"
"悬浮时钟-抢购秒杀助手","1546947240","Lifetime Membership","iap-8bcee3b9718b7199c18979d1","圣卢西亚","lc","4.99","USD","USD 4.99","33.4859168542","4.99","6.71060458","2026-09-15","2026-09-16T02:25:36.006540Z","AVAILABLE","INFERRED","https://apps.apple.com/lc/app/floating-clock/id1546947240","true","PRICE","页面英文名称","UNKNOWN","","","","2026-09-16T02:24:04.136007Z","175","175"
"悬浮时钟-抢购秒杀助手","1546947240","Lifetime Membership","iap-8bcee3b9718b7199c18979d1","斯里兰卡","lk","4.99","USD","USD 4.99","33.4859168542","4.99","6.71060458","2026-09-15","2026-09-16T02:25:34.990683Z","AVAILABLE","INFERRED","https://apps.apple.com/lk/app/floating-clock/id1546947240","true","PRICE","页面英文名称","UNKNOWN","","","","2026-09-16T02:24:04.136007Z","175","175"
"悬浮时钟-抢购秒杀助手","1546947240","Lifetime Membership","iap-8bcee3b9718b7199c18979d1","利比里亚","lr","4.99","USD","USD 4.99","33.4859168542","4.99","6.71060458","2026-09-15","2026-09-16T02:25:35.893427Z","AVAILABLE","INFERRED","https://apps.apple.com/lr/app/floating-clock/id1546947240","true","PRICE","页面英文名称","UNKNOWN","","","","2026-09-16T02:24:04.136007Z","175","175"
"悬浮时钟-抢购秒杀助手","1546947240","Lifetime Membership","iap-8bcee3b9718b7199c18979d1","利比亚","ly","4.99","USD","$4.99","33.4859168542","4.99","6.71060458","2026-09-15","2026-09-16T02:25:42.079405Z","AVAILABLE","INFERRED","https://apps.apple.com/ly/app/floating-clock/id1546947240","true","PRICE","页面英文名称","UNKNOWN","","","","2026-09-16T02:24:04.136007Z","175","175"
"悬浮时钟-抢购秒杀助手","1546947240","Lifetime Membership","iap-8bcee3b9718b7199c18979d1","马达加斯加","mg","4.99","USD","USD 4.99","33.4859168542","4.99","6.71060458","2026-09-15","2026-09-16T02:25:45.731704Z","AVAILABLE","INFERRED","https://apps.apple.com/mg/app/floating-clock/id1546947240","true","PRICE","页面英文名称","UNKNOWN","","","","2026-09-16T02:24:04.136007Z","175","175"
"悬浮时钟-抢购秒杀助手","1546947240","Lifetime Membership","iap-8bcee3b9718b7199c18979d1","北马其顿","mk","4.99","USD","USD 4.99","33.4859168542","4.99","6.71060458","2026-09-15","2026-09-16T02:25:40.501558Z","AVAILABLE","INFERRED","https://apps.apple.com/mk/app/floating-clock/id1546947240","true","PRICE","页面英文名称","UNKNOWN","","","","2026-09-16T02:24:04.136007Z","175","175"
"悬浮时钟-抢购秒杀助手","1546947240","Lifetime Membership","iap-8bcee3b9718b7199c18979d1","马里","ml","4.99","USD","USD 4.99","33.4859168542","4.99","6.71060458","2026-09-15","2026-09-16T02:25:42.112590Z","AVAILABLE","INFERRED","https://apps.apple.com/ml/app/floating-clock/id1546947240","true","PRICE","页面英文名称","UNKNOWN","","","","2026-09-16T02:24:04.136007Z","175","175"
"悬浮时钟-抢购秒杀助手","1546947240","Lifetime Membership","iap-8bcee3b9718b7199c18979d1","缅甸","mm","4.99","USD","USD 4.99","33.4859168542","4.99","6.71060458","2026-09-15","2026-09-16T02:25:44.485937Z","AVAILABLE","INFERRED","https://apps.apple.com/mm/app/floating-clock/id1546947240","true","PRICE","页面英文名称","UNKNOWN","","","","2026-09-16T02:24:04.136007Z","175","175"
"悬浮时钟-抢购秒杀助手","1546947240","Lifetime Membership","iap-8bcee3b9718b7199c18979d1","蒙古","mn","4.99","USD","USD 4.99","33.4859168542","4.99","6.71060458","2026-09-15","2026-09-16T02:25:45.872907Z","AVAILABLE","INFERRED","https://apps.apple.com/mn/app/floating-clock/id1546947240","true","PRICE","页面英文名称","UNKNOWN","","","","2026-09-16T02:24:04.136007Z","175","175"
"悬浮时钟-抢购秒杀助手","1546947240","Lifetime Membership","iap-8bcee3b9718b7199c18979d1","澳门","mo","4.99","USD","USD 4.99","33.4859168542","4.99","6.71060458","2026-09-15","2026-09-16T02:25:48.784869Z","AVAILABLE","INFERRED","https://apps.apple.com/mo/app/%E6%87%B8%E6%B5%AE%E6%99%82%E9%90%98/id1546947240","true","PRICE","同区英文页唯一金额对应: https://apps.apple.com/mo/app/floating-clock/id1546947240?l=en-GB","UNKNOWN","","","","2026-09-16T02:24:04.136007Z","175","175"
"悬浮时钟-抢购秒杀助手","1546947240","Lifetime Membership","iap-8bcee3b9718b7199c18979d1","毛里塔尼亚","mr","4.99","USD","$4.99","33.4859168542","4.99","6.71060458","2026-09-15","2026-09-16T02:25:48.882788Z","AVAILABLE","INFERRED","https://apps.apple.com/mr/app/floating-clock/id1546947240","true","PRICE","页面英文名称","UNKNOWN","","","","2026-09-16T02:24:04.136007Z","175","175"
"悬浮时钟-抢购秒杀助手","1546947240","Lifetime Membership","iap-8bcee3b9718b7199c18979d1","蒙特塞拉特","ms","4.99","USD","USD 4.99","33.4859168542","4.99","6.71060458","2026-09-15","2026-09-16T02:25:47.017392Z","AVAILABLE","INFERRED","https://apps.apple.com/ms/app/floating-clock/id1546947240","true","PRICE","页面英文名称","UNKNOWN","","","","2026-09-16T02:24:04.136007Z","175","175"
"悬浮时钟-抢购秒杀助手","1546947240","Lifetime Membership","iap-8bcee3b9718b7199c18979d1","马尔代夫","mv","4.99","USD","USD 4.99","33.4859168542","4.99","6.71060458","2026-09-15","2026-09-16T02:25:47.224637Z","AVAILABLE","INFERRED","https://apps.apple.com/mv/app/floating-clock/id1546947240","true","PRICE","页面英文名称","UNKNOWN","","","","2026-09-16T02:24:04.136007Z","175","175"
"悬浮时钟-抢购秒杀助手","1546947240","Lifetime Membership","iap-8bcee3b9718b7199c18979d1","马拉维","mw","4.99","USD","USD 4.99","33.4859168542","4.99","6.71060458","2026-09-15","2026-09-16T02:25:48.014422Z","AVAILABLE","INFERRED","https://apps.apple.com/mw/app/floating-clock/id1546947240","true","PRICE","页面英文名称","UNKNOWN","","","","2026-09-16T02:24:04.136007Z","175","175"
"悬浮时钟-抢购秒杀助手","1546947240","Lifetime Membership","iap-8bcee3b9718b7199c18979d1","莫桑比克","mz","4.99","USD","USD 4.99","33.4859168542","4.99","6.71060458","2026-09-15","2026-09-16T02:25:53.664322Z","AVAILABLE","INFERRED","https://apps.apple.com/mz/app/floating-clock/id1546947240","true","PRICE","页面英文名称","UNKNOWN","","","","2026-09-16T02:24:04.136007Z","175","175"
"悬浮时钟-抢购秒杀助手","1546947240","Lifetime Membership","iap-8bcee3b9718b7199c18979d1","纳米比亚","na","4.99","USD","USD 4.99","33.4859168542","4.99","6.71060458","2026-09-15","2026-09-16T02:25:50.496171Z","AVAILABLE","INFERRED","https://apps.apple.com/na/app/floating-clock/id1546947240","true","PRICE","页面英文名称","UNKNOWN","","","","2026-09-16T02:24:04.136007Z","175","175"
"悬浮时钟-抢购秒杀助手","1546947240","Lifetime Membership","iap-8bcee3b9718b7199c18979d1","尼日尔","ne","4.99","USD","USD 4.99","33.4859168542","4.99","6.71060458","2026-09-15","2026-09-16T02:25:51.018293Z","AVAILABLE","INFERRED","https://apps.apple.com/ne/app/floating-clock/id1546947240","true","PRICE","页面英文名称","UNKNOWN","","","","2026-09-16T02:24:04.136007Z","175","175"
"悬浮时钟-抢购秒杀助手","1546947240","Lifetime Membership","iap-8bcee3b9718b7199c18979d1","尼加拉瓜","ni","4.99","USD","USD 4.99","33.4859168542","4.99","6.71060458","2026-09-15","2026-09-16T02:25:55.564573Z","AVAILABLE","INFERRED","https://apps.apple.com/ni/app/reloj-flotante/id1546947240","true","PRICE","同区英文页唯一金额对应: https://apps.apple.com/ni/app/floating-clock/id1546947240?l=en-GB","UNKNOWN","","","","2026-09-16T02:24:04.136007Z","175","175"
"悬浮时钟-抢购秒杀助手","1546947240","Lifetime Membership","iap-8bcee3b9718b7199c18979d1","瑙鲁","nr","4.99","USD","USD 4.99","33.4859168542","4.99","6.71060458","2026-09-15","2026-09-16T02:25:58.026239Z","AVAILABLE","INFERRED","https://apps.apple.com/nr/app/floating-clock/id1546947240","true","PRICE","页面英文名称","UNKNOWN","","","","2026-09-16T02:24:04.136007Z","175","175"
"悬浮时钟-抢购秒杀助手","1546947240","Lifetime Membership","iap-8bcee3b9718b7199c18979d1","阿曼","om","4.99","USD","$4.99","33.4859168542","4.99","6.71060458","2026-09-15","2026-09-16T02:25:57.443810Z","AVAILABLE","INFERRED","https://apps.apple.com/om/app/floating-clock/id1546947240","true","PRICE","页面英文名称","UNKNOWN","","","","2026-09-16T02:24:04.136007Z","175","175"
"悬浮时钟-抢购秒杀助手","1546947240","Lifetime Membership","iap-8bcee3b9718b7199c18979d1","巴拿马","pa","4.99","USD","USD 4.99","33.4859168542","4.99","6.71060458","2026-09-15","2026-09-16T02:26:01.555610Z","AVAILABLE","INFERRED","https://apps.apple.com/pa/app/reloj-flotante/id1546947240","true","PRICE","同区英文页唯一金额对应: https://apps.apple.com/pa/app/floating-clock/id1546947240?l=en-GB","UNKNOWN","","","","2026-09-16T02:24:04.136007Z","175","175"
"悬浮时钟-抢购秒杀助手","1546947240","Lifetime Membership","iap-8bcee3b9718b7199c18979d1","巴布亚新几内亚","pg","4.99","USD","USD 4.99","33.4859168542","4.99","6.71060458","2026-09-15","2026-09-16T02:26:01.454947Z","AVAILABLE","INFERRED","https://apps.apple.com/pg/app/floating-clock/id1546947240","true","PRICE","页面英文名称","UNKNOWN","","","","2026-09-16T02:24:04.136007Z","175","175"
"悬浮时钟-抢购秒杀助手","1546947240","Lifetime Membership","iap-8bcee3b9718b7199c18979d1","帕劳","pw","4.99","USD","USD 4.99","33.4859168542","4.99","6.71060458","2026-09-15","2026-09-16T02:26:06.550942Z","AVAILABLE","INFERRED","https://apps.apple.com/pw/app/floating-clock/id1546947240","true","PRICE","页面英文名称","UNKNOWN","","","","2026-09-16T02:24:04.136007Z","175","175"
"悬浮时钟-抢购秒杀助手","1546947240","Lifetime Membership","iap-8bcee3b9718b7199c18979d1","巴拉圭","py","4.99","USD","USD 4.99","33.4859168542","4.99","6.71060458","2026-09-15","2026-09-16T02:26:04.319020Z","AVAILABLE","INFERRED","https://apps.apple.com/py/app/reloj-flotante/id1546947240","true","PRICE","同区英文页唯一金额对应: https://apps.apple.com/py/app/floating-clock/id1546947240?l=en-GB","UNKNOWN","","","","2026-09-16T02:24:04.136007Z","175","175"
"悬浮时钟-抢购秒杀助手","1546947240","Lifetime Membership","iap-8bcee3b9718b7199c18979d1","卢旺达","rw","4.99","USD","USD 4.99","33.4859168542","4.99","6.71060458","2026-09-15","2026-09-16T02:26:09.353170Z","AVAILABLE","INFERRED","https://apps.apple.com/rw/app/floating-clock/id1546947240","true","PRICE","页面英文名称","UNKNOWN","","","","2026-09-16T02:24:04.136007Z","175","175"
"悬浮时钟-抢购秒杀助手","1546947240","Lifetime Membership","iap-8bcee3b9718b7199c18979d1","所罗门群岛","sb","4.99","USD","USD 4.99","33.4859168542","4.99","6.71060458","2026-09-15","2026-09-16T02:26:07.708937Z","AVAILABLE","INFERRED","https://apps.apple.com/sb/app/floating-clock/id1546947240","true","PRICE","页面英文名称","UNKNOWN","","","","2026-09-16T02:24:04.136007Z","175","175"
"悬浮时钟-抢购秒杀助手","1546947240","Lifetime Membership","iap-8bcee3b9718b7199c18979d1","塞舌尔","sc","4.99","USD","USD 4.99","33.4859168542","4.99","6.71060458","2026-09-15","2026-09-16T02:26:13.432772Z","AVAILABLE","INFERRED","https://apps.apple.com/sc/app/floating-clock/id1546947240","true","PRICE","页面英文名称","UNKNOWN","","","","2026-09-16T02:24:04.136007Z","175","175"
"悬浮时钟-抢购秒杀助手","1546947240","Lifetime Membership","iap-8bcee3b9718b7199c18979d1","塞拉利昂","sl","4.99","USD","USD 4.99","33.4859168542","4.99","6.71060458","2026-09-15","2026-09-16T02:26:16.441845Z","AVAILABLE","INFERRED","https://apps.apple.com/sl/app/floating-clock/id1546947240","true","PRICE","页面英文名称","UNKNOWN","","","","2026-09-16T02:24:04.136007Z","175","175"
"悬浮时钟-抢购秒杀助手","1546947240","Lifetime Membership","iap-8bcee3b9718b7199c18979d1","苏里南","sr","4.99","USD","USD 4.99","33.4859168542","4.99","6.71060458","2026-09-15","2026-09-16T02:26:15.069287Z","AVAILABLE","INFERRED","https://apps.apple.com/sr/app/floating-clock/id1546947240","true","PRICE","页面英文名称","UNKNOWN","","","","2026-09-16T02:24:04.136007Z","175","175"
"悬浮时钟-抢购秒杀助手","1546947240","Lifetime Membership","iap-8bcee3b9718b7199c18979d1","圣多美和普林西比","st","4.99","USD","USD 4.99","33.4859168542","4.99","6.71060458","2026-09-15","2026-09-16T02:26:15.757683Z","AVAILABLE","INFERRED","https://apps.apple.com/st/app/floating-clock/id1546947240","true","PRICE","页面英文名称","UNKNOWN","","","","2026-09-16T02:24:04.136007Z","175","175"
"悬浮时钟-抢购秒杀助手","1546947240","Lifetime Membership","iap-8bcee3b9718b7199c18979d1","萨尔瓦多","sv","4.99","USD","USD 4.99","33.4859168542","4.99","6.71060458","2026-09-15","2026-09-16T02:26:13.759110Z","AVAILABLE","INFERRED","https://apps.apple.com/sv/app/reloj-flotante/id1546947240","true","PRICE","同区英文页唯一金额对应: https://apps.apple.com/sv/app/floating-clock/id1546947240?l=en-GB","UNKNOWN","","","","2026-09-16T02:24:04.136007Z","175","175"
"悬浮时钟-抢购秒杀助手","1546947240","Lifetime Membership","iap-8bcee3b9718b7199c18979d1","斯威士兰","sz","4.99","USD","USD 4.99","33.4859168542","4.99","6.71060458","2026-09-15","2026-09-16T02:26:13.936690Z","AVAILABLE","INFERRED","https://apps.apple.com/sz/app/floating-clock/id1546947240","true","PRICE","页面英文名称","UNKNOWN","","","","2026-09-16T02:24:04.136007Z","175","175"
"悬浮时钟-抢购秒杀助手","1546947240","Lifetime Membership","iap-8bcee3b9718b7199c18979d1","特克斯和凯科斯群岛","tc","4.99","USD","USD 4.99","33.4859168542","4.99","6.71060458","2026-09-15","2026-09-16T02:26:22.337927Z","AVAILABLE","INFERRED","https://apps.apple.com/tc/app/floating-clock/id1546947240","true","PRICE","页面英文名称","UNKNOWN","","","","2026-09-16T02:24:04.136007Z","175","175"
"悬浮时钟-抢购秒杀助手","1546947240","Lifetime Membership","iap-8bcee3b9718b7199c18979d1","乍得","td","4.99","USD","USD 4.99","33.4859168542","4.99","6.71060458","2026-09-15","2026-09-16T02:26:19.217530Z","AVAILABLE","INFERRED","https://apps.apple.com/td/app/floating-clock/id1546947240","true","PRICE","页面英文名称","UNKNOWN","","","","2026-09-16T02:24:04.136007Z","175","175"
"悬浮时钟-抢购秒杀助手","1546947240","Lifetime Membership","iap-8bcee3b9718b7199c18979d1","塔吉克斯坦","tj","4.99","USD","USD 4.99","33.4859168542","4.99","6.71060458","2026-09-15","2026-09-16T02:26:24.684911Z","AVAILABLE","INFERRED","https://apps.apple.com/tj/app/floating-clock/id1546947240","true","PRICE","页面英文名称","UNKNOWN","","","","2026-09-16T02:24:04.136007Z","175","175"
"悬浮时钟-抢购秒杀助手","1546947240","Lifetime Membership","iap-8bcee3b9718b7199c18979d1","土库曼斯坦","tm","4.99","USD","USD 4.99","33.4859168542","4.99","6.71060458","2026-09-15","2026-09-16T02:26:24.210773Z","AVAILABLE","INFERRED","https://apps.apple.com/tm/app/floating-clock/id1546947240","true","PRICE","页面英文名称","UNKNOWN","","","","2026-09-16T02:24:04.136007Z","175","175"
"悬浮时钟-抢购秒杀助手","1546947240","Lifetime Membership","iap-8bcee3b9718b7199c18979d1","突尼斯","tn","4.99","USD","$4.99","33.4859168542","4.99","6.71060458","2026-09-15","2026-09-16T02:26:26.646303Z","AVAILABLE","INFERRED","https://apps.apple.com/tn/app/floating-clock/id1546947240","true","PRICE","页面英文名称","UNKNOWN","","","","2026-09-16T02:24:04.136007Z","175","175"
"悬浮时钟-抢购秒杀助手","1546947240","Lifetime Membership","iap-8bcee3b9718b7199c18979d1","汤加","to","4.99","USD","USD 4.99","33.4859168542","4.99","6.71060458","2026-09-15","2026-09-16T02:26:25.043200Z","AVAILABLE","INFERRED","https://apps.apple.com/to/app/floating-clock/id1546947240","true","PRICE","页面英文名称","UNKNOWN","","","","2026-09-16T02:24:04.136007Z","175","175"
"悬浮时钟-抢购秒杀助手","1546947240","Lifetime Membership","iap-8bcee3b9718b7199c18979d1","特立尼达和多巴哥","tt","4.99","USD","USD 4.99","33.4859168542","4.99","6.71060458","2026-09-15","2026-09-16T02:26:25.685821Z","AVAILABLE","INFERRED","https://apps.apple.com/tt/app/floating-clock/id1546947240","true","PRICE","页面英文名称","UNKNOWN","","","","2026-09-16T02:24:04.136007Z","175","175"
"悬浮时钟-抢购秒杀助手","1546947240","Lifetime Membership","iap-8bcee3b9718b7199c18979d1","美国","us","4.99","USD","$4.99","33.4859168542","4.99","6.71060458","2026-09-15","2026-09-16T02:24:19.475026Z","AVAILABLE","INFERRED","https://apps.apple.com/us/app/floating-clock/id1546947240","true","PRICE","页面英文名称","UNKNOWN","","","","2026-09-16T02:24:04.136007Z","175","175"
"悬浮时钟-抢购秒杀助手","1546947240","Lifetime Membership","iap-8bcee3b9718b7199c18979d1","乌拉圭","uy","4.99","USD","USD 4.99","33.4859168542","4.99","6.71060458","2026-09-15","2026-09-16T02:26:30.858406Z","AVAILABLE","INFERRED","https://apps.apple.com/uy/app/floating-clock/id1546947240","true","PRICE","页面英文名称","UNKNOWN","","","","2026-09-16T02:24:04.136007Z","175","175"
"悬浮时钟-抢购秒杀助手","1546947240","Lifetime Membership","iap-8bcee3b9718b7199c18979d1","乌兹别克斯坦","uz","4.99","USD","USD 4.99","33.4859168542","4.99","6.71060458","2026-09-15","2026-09-16T02:26:31.644067Z","AVAILABLE","INFERRED","https://apps.apple.com/uz/app/floating-clock/id1546947240","true","PRICE","页面英文名称","UNKNOWN","","","","2026-09-16T02:24:04.136007Z","175","175"
"悬浮时钟-抢购秒杀助手","1546947240","Lifetime Membership","iap-8bcee3b9718b7199c18979d1","圣文森特和格林纳丁斯","vc","4.99","USD","USD 4.99","33.4859168542","4.99","6.71060458","2026-09-15","2026-09-16T02:26:29.377095Z","AVAILABLE","INFERRED","https://apps.apple.com/vc/app/floating-clock/id1546947240","true","PRICE","页面英文名称","UNKNOWN","","","","2026-09-16T02:24:04.136007Z","175","175"
"悬浮时钟-抢购秒杀助手","1546947240","Lifetime Membership","iap-8bcee3b9718b7199c18979d1","委内瑞拉","ve","4.99","USD","USD 4.99","33.4859168542","4.99","6.71060458","2026-09-15","2026-09-16T02:26:30.852690Z","AVAILABLE","INFERRED","https://apps.apple.com/ve/app/reloj-flotante/id1546947240","true","PRICE","同区英文页唯一金额对应: https://apps.apple.com/ve/app/floating-clock/id1546947240?l=en-GB","UNKNOWN","","","","2026-09-16T02:24:04.136007Z","175","175"
"悬浮时钟-抢购秒杀助手","1546947240","Lifetime Membership","iap-8bcee3b9718b7199c18979d1","英属维尔京群岛","vg","4.99","USD","USD 4.99","33.4859168542","4.99","6.71060458","2026-09-15","2026-09-16T02:26:37.293346Z","AVAILABLE","INFERRED","https://apps.apple.com/vg/app/floating-clock/id1546947240","true","PRICE","页面英文名称","UNKNOWN","","","","2026-09-16T02:24:04.136007Z","175","175"
"悬浮时钟-抢购秒杀助手","1546947240","Lifetime Membership","iap-8bcee3b9718b7199c18979d1","瓦努阿图","vu","4.99","USD","USD 4.99","33.4859168542","4.99","6.71060458","2026-09-15","2026-09-16T02:26:37.377542Z","AVAILABLE","INFERRED","https://apps.apple.com/vu/app/floating-clock/id1546947240","true","PRICE","页面英文名称","UNKNOWN","","","","2026-09-16T02:24:04.136007Z","175","175"
"悬浮时钟-抢购秒杀助手","1546947240","Lifetime Membership","iap-8bcee3b9718b7199c18979d1","也门","ye","4.99","USD","$4.99","33.4859168542","4.99","6.71060458","2026-09-15","2026-09-16T02:26:37.355482Z","AVAILABLE","INFERRED","https://apps.apple.com/ye/app/floating-clock/id1546947240","true","PRICE","页面英文名称","UNKNOWN","","","","2026-09-16T02:24:04.136007Z","175","175"
"悬浮时钟-抢购秒杀助手","1546947240","Lifetime Membership","iap-8bcee3b9718b7199c18979d1","加拿大","ca","6.99","CAD","$6.99","33.71061108484303","5.023483455620779","4.822691142323753","2026-09-15","2026-09-16T02:24:18.105753Z","AVAILABLE","INFERRED","https://apps.apple.com/ca/app/floating-clock/id1546947240","true","PRICE","页面英文名称","UNKNOWN","","","","2026-09-16T02:24:04.136007Z","175","175"
"悬浮时钟-抢购秒杀助手","1546947240","Lifetime Membership","iap-8bcee3b9718b7199c18979d1","土耳其","tr","249.99","TRY","₺249,99","34.49482928084809","5.140345980696733","0.13798483651685303","2026-09-15","2026-09-16T02:24:18.733988Z","AVAILABLE","INFERRED","https://apps.apple.com/tr/app/floating-clock/id1546947240","true","PRICE","页面英文名称","UNKNOWN","","","","2026-09-16T02:24:04.136007Z","175","175"
"悬浮时钟-抢购秒杀助手","1546947240","永久会員","iap-8bcee3b9718b7199c18979d1","日本","jp","800","JPY","¥800","34.701935118806674","5.1712084515053744","0.04337741889850834","2026-09-15","2026-09-16T02:24:13.124929Z","AVAILABLE","INFERRED","https://apps.apple.com/jp/app/%E3%83%95%E3%83%AD%E3%83%BC%E3%83%86%E3%82%A3%E3%83%B3%E3%82%B0%E6%99%82%E8%A8%88/id1546947240","true","PRICE","同区英文页唯一金额对应: https://apps.apple.com/jp/app/floating-clock/id1546947240?l=en-US","UNKNOWN","","","","2026-09-16T02:24:04.136007Z","175","175"
"悬浮时钟-抢购秒杀助手","1546947240","Lifetime Membership","iap-8bcee3b9718b7199c18979d1","印度","in","499","INR","₹ 499","34.94012675720344","5.206703262078278","0.0700202941026121","2026-09-15","2026-09-16T02:24:16.746402Z","AVAILABLE","INFERRED","https://apps.apple.com/in/app/floating-clock/id1546947240","true","PRICE","页面英文名称","UNKNOWN","","","","2026-09-16T02:24:04.136007Z","175","175"
"悬浮时钟-抢购秒杀助手","1546947240","Lifetime Membership","iap-8bcee3b9718b7199c18979d1","俄罗斯","ru","449","RUB","449,00 ₽","35.65269523632941","5.312888698968671","0.07940466645062229","2026-09-15","2026-09-16T02:26:05.055880Z","AVAILABLE","INFERRED","https://apps.apple.com/ru/app/%E6%82%AC%E6%B5%AE%E6%97%B6%E9%92%9F-%E6%8A%A2%E8%B4%AD%E7%A7%92%E6%9D%80%E5%8A%A9%E6%89%8B/id1546947240","true","PRICE","同区英文页唯一金额对应: https://apps.apple.com/ru/app/floating-clock/id1546947240?l=en-GB","UNKNOWN","","","","2026-09-16T02:24:04.136007Z","175","175"
"悬浮时钟-抢购秒杀助手","1546947240","Lifetime Membership","iap-8bcee3b9718b7199c18979d1","沙特阿拉伯","sa","19.99","SAR","SAR 19.99","35.771996147786666","5.330666666666667","1.7894945546666667","2026-09-15","2026-09-16T02:26:09.931170Z","AVAILABLE","INFERRED","https://apps.apple.com/sa/app/floating-clock/id1546947240","true","PRICE","页面英文名称","UNKNOWN","","","","2026-09-16T02:24:04.136007Z","175","175"
"悬浮时钟-抢购秒杀助手","1546947240","Lifetime Membership","iap-8bcee3b9718b7199c18979d1","阿拉伯联合酋长国","ae","19.99","AED","AED 19.99","36.52688510665759","5.443158611300205","1.8272578842750171","2026-09-15","2026-09-16T02:24:33.178590Z","AVAILABLE","INFERRED","https://apps.apple.com/ae/app/floating-clock/id1546947240","true","PRICE","页面英文名称","UNKNOWN","","","","2026-09-16T02:24:04.136007Z","175","175"
"悬浮时钟-抢购秒杀助手","1546947240","永久会员","iap-8bcee3b9718b7199c18979d1","中国大陆","cn","36.8","CNY","¥36.80","36.8","5.483857610933768","1","2026-09-15","2026-09-16T02:24:09.186123Z","AVAILABLE","INFERRED","https://apps.apple.com/cn/app/%E6%82%AC%E6%B5%AE%E6%97%B6%E9%92%9F-%E6%8A%A2%E8%B4%AD%E7%A7%92%E6%9D%80%E5%8A%A9%E6%89%8B/id1546947240","true","PRICE","同区英文页唯一金额对应: https://apps.apple.com/cn/app/floating-clock/id1546947240?l=en-GB","UNKNOWN","","","","2026-09-16T02:24:04.136007Z","175","175"
"悬浮时钟-抢购秒杀助手","1546947240","Lifetime Membership","iap-8bcee3b9718b7199c18979d1","新加坡","sg","6.98","SGD","S$ 6.98","36.823982522232136","5.487431435310727","5.275642195162197","2026-09-15","2026-09-16T02:24:19.807675Z","AVAILABLE","INFERRED","https://apps.apple.com/sg/app/floating-clock/id1546947240","true","PRICE","页面英文名称","UNKNOWN","","","","2026-09-16T02:24:04.136007Z","175","175"
"悬浮时钟-抢购秒杀助手","1546947240","Lifetime Membership","iap-8bcee3b9718b7199c18979d1","卡塔尔","qa","19.99","QAR","QAR 19.99","36.853018009395605","5.491758241758242","1.8435726868131868","2026-09-15","2026-09-16T02:26:06.861382Z","AVAILABLE","INFERRED","https://apps.apple.com/qa/app/floating-clock/id1546947240","true","PRICE","页面英文名称","UNKNOWN","","","","2026-09-16T02:24:04.136007Z","175","175"
"悬浮时钟-抢购秒杀助手","1546947240","Lifetime Membership","iap-8bcee3b9718b7199c18979d1","印度尼西亚","id","99000","IDR","Rp 99ribu","37.56665049144606","5.5981022340979685","0.00037946111607521275","2026-09-15","2026-09-16T02:24:12.180142Z","AVAILABLE","INFERRED","https://apps.apple.com/id/app/floating-clock/id1546947240","true","PRICE","页面英文名称","UNKNOWN","","","","2026-09-16T02:24:04.136007Z","175","175"
"悬浮时钟-抢购秒杀助手","1546947240","Lifetime Membership","iap-8bcee3b9718b7199c18979d1","马来西亚","my","22.9","MYR","RM22.90","37.7058567160197","5.61884644915551","1.6465439613982402","2026-09-15","2026-09-16T02:25:51.345400Z","AVAILABLE","INFERRED","https://apps.apple.com/my/app/floating-clock/id1546947240","true","PRICE","页面英文名称","UNKNOWN","","","","2026-09-16T02:24:04.136007Z","175","175"
"悬浮时钟-抢购秒杀助手","1546947240","Lifetime Membership","iap-8bcee3b9718b7199c18979d1","坦桑尼亚","tz","14900","TZS","14,900.00 TZS","37.81632301279062","5.635307901391893","0.002538008255891988","2026-09-15","2026-09-16T02:26:31.146099Z","AVAILABLE","INFERRED","https://apps.apple.com/tz/app/floating-clock/id1546947240","true","PRICE","页面英文名称","UNKNOWN","","","","2026-09-16T02:24:04.136007Z","175","175"
"悬浮时钟-抢购秒杀助手","1546947240","평생 회원","iap-8bcee3b9718b7199c18979d1","韩国","kr","7700","KRW","￦7,700","38.164981894102546","5.687264305193578","0.004956491155078252","2026-09-15","2026-09-16T02:24:12.093727Z","AVAILABLE","INFERRED","https://apps.apple.com/kr/app/%ED%94%8C%EB%A1%9C%ED%8C%85-%EC%8B%9C%EA%B3%84-%ED%8A%B9%EA%B0%80-%EB%8F%84%EC%9A%B0%EB%AF%B8/id1546947240","true","PRICE","同区英文页唯一金额对应: https://apps.apple.com/kr/app/floating-clock/id1546947240?l=en-GB","UNKNOWN","","","","2026-09-16T02:24:04.136007Z","175","175"
"悬浮时钟-抢购秒杀助手","1546947240","Lifetime Membership","iap-8bcee3b9718b7199c18979d1","澳大利亚","au","7.99","AUD","$7.99","38.174407607152915","5.688668904874278","4.777773167353306","2026-09-15","2026-09-16T02:24:19.592919Z","AVAILABLE","INFERRED","https://apps.apple.com/au/app/floating-clock/id1546947240","true","PRICE","页面英文名称","UNKNOWN","","","","2026-09-16T02:24:04.136007Z","175","175"
"悬浮时钟-抢购秒杀助手","1546947240","Lifetime Membership","iap-8bcee3b9718b7199c18979d1","越南","vn","149000","VND","149.000đ","38.41209679824777","5.724088841820533","0.0002577993073707904","2026-09-15","2026-09-16T02:26:33.133306Z","AVAILABLE","INFERRED","https://apps.apple.com/vn/app/floating-clock/id1546947240","true","PRICE","页面英文名称","UNKNOWN","","","","2026-09-16T02:24:04.136007Z","175","175"
"悬浮时钟-抢购秒杀助手","1546947240","Lifetime Membership","iap-8bcee3b9718b7199c18979d1","新西兰","nz","9.99","NZD","$9.99","38.57894474305714","5.748952167146935","3.8617562305362507","2026-09-15","2026-09-16T02:26:01.769072Z","AVAILABLE","INFERRED","https://apps.apple.com/nz/app/floating-clock/id1546947240","true","PRICE","页面英文名称","UNKNOWN","","","","2026-09-16T02:24:04.136007Z","175","175"
"悬浮时钟-抢购秒杀助手","1546947240","Lifetime Membership","iap-8bcee3b9718b7199c18979d1","黑山","me","4.99","EUR","4,99 €","38.62827863514276","5.756303798657552","7.741138003034622","2026-09-15","2026-09-16T02:25:40.715069Z","AVAILABLE","INFERRED","https://apps.apple.com/me/app/floating-clock/id1546947240","true","PRICE","页面英文名称","UNKNOWN","","","","2026-09-16T02:24:04.136007Z","175","175"
"悬浮时钟-抢购秒杀助手","1546947240","Lifetime Membership","iap-8bcee3b9718b7199c18979d1","墨西哥","mx","99","MXN","$99.00","38.734282711249335","5.772100300275677","0.3912553809217104","2026-09-15","2026-09-16T02:25:55.559552Z","AVAILABLE","INFERRED","https://apps.apple.com/mx/app/reloj-flotante/id1546947240","true","PRICE","同区英文页唯一金额对应: https://apps.apple.com/mx/app/floating-clock/id1546947240?l=en-GB","UNKNOWN","","","","2026-09-16T02:24:04.136007Z","175","175"
"悬浮时钟-抢购秒杀助手","1546947240","Lifetime Membership","iap-8bcee3b9718b7199c18979d1","巴西","br","29.9","BRL","R$ 29,90","39.031704817985684","5.816421509071494","1.3054081878924977","2026-09-15","2026-09-16T02:24:43.156543Z","AVAILABLE","INFERRED","https://apps.apple.com/br/app/%E6%82%AC%E6%B5%AE%E6%97%B6%E9%92%9F-%E6%8A%A2%E8%B4%AD%E7%A7%92%E6%9D%80%E5%8A%A9%E6%89%8B/id1546947240","true","PRICE","同区英文页唯一金额对应: https://apps.apple.com/br/app/floating-clock/id1546947240?l=en-GB","UNKNOWN","","","","2026-09-16T02:24:04.136007Z","175","175"
"悬浮时钟-抢购秒杀助手","1546947240","Lifetime Membership","iap-8bcee3b9718b7199c18979d1","尼日利亚","ng","7900","NGN","₦ 7,900.00","40.03776058601983","5.966341796586654","0.0050680709602556745","2026-09-15","2026-09-16T02:25:56.022203Z","AVAILABLE","INFERRED","https://apps.apple.com/ng/app/floating-clock/id1546947240","true","PRICE","页面英文名称","UNKNOWN","","","","2026-09-16T02:24:04.136007Z","175","175"
"悬浮时钟-抢购秒杀助手","1546947240","Lifetime Membership","iap-8bcee3b9718b7199c18979d1","泰国","th","199","THB","฿199.00","40.16505259142022","5.985310580081925","0.20183443513276492","2026-09-15","2026-09-16T02:26:21.260339Z","AVAILABLE","INFERRED","https://apps.apple.com/th/app/floating-clock/id1546947240","true","PRICE","页面英文名称","UNKNOWN","","","","2026-09-16T02:24:04.136007Z","175","175"
"悬浮时钟-抢购秒杀助手","1546947240","Lifetime Membership","iap-8bcee3b9718b7199c18979d1","阿尔巴尼亚","al","5.99","USD","USD 5.99","40.1965214342","5.99","6.71060458","2026-09-15","2026-09-16T02:24:23.649485Z","AVAILABLE","INFERRED","https://apps.apple.com/al/app/floating-clock/id1546947240","true","PRICE","页面英文名称","UNKNOWN","","","","2026-09-16T02:24:04.136007Z","175","175"
"悬浮时钟-抢购秒杀助手","1546947240","Lifetime Membership","iap-8bcee3b9718b7199c18979d1","亚美尼亚","am","5.99","USD","USD 5.99","40.1965214342","5.99","6.71060458","2026-09-15","2026-09-16T02:24:34.327570Z","AVAILABLE","INFERRED","https://apps.apple.com/am/app/floating-clock/id1546947240","true","PRICE","页面英文名称","UNKNOWN","","","","2026-09-16T02:24:04.136007Z","175","175"
"悬浮时钟-抢购秒杀助手","1546947240","Lifetime Membership","iap-8bcee3b9718b7199c18979d1","阿塞拜疆","az","5.99","USD","USD 5.99","40.1965214342","5.99","6.71060458","2026-09-15","2026-09-16T02:24:29.628458Z","AVAILABLE","INFERRED","https://apps.apple.com/az/app/floating-clock/id1546947240","true","PRICE","页面英文名称","UNKNOWN","","","","2026-09-16T02:24:04.136007Z","175","175"
"悬浮时钟-抢购秒杀助手","1546947240","Lifetime Membership","iap-8bcee3b9718b7199c18979d1","巴巴多斯","bb","5.99","USD","USD 5.99","40.1965214342","5.99","6.71060458","2026-09-15","2026-09-16T02:24:32.230445Z","AVAILABLE","INFERRED","https://apps.apple.com/bb/app/floating-clock/id1546947240","true","PRICE","页面英文名称","UNKNOWN","","","","2026-09-16T02:24:04.136007Z","175","175"
"悬浮时钟-抢购秒杀助手","1546947240","Lifetime Membership","iap-8bcee3b9718b7199c18979d1","贝宁","bj","5.99","USD","USD 5.99","40.1965214342","5.99","6.71060458","2026-09-15","2026-09-16T02:24:43.469050Z","AVAILABLE","INFERRED","https://apps.apple.com/bj/app/floating-clock/id1546947240","true","PRICE","页面英文名称","UNKNOWN","","","","2026-09-16T02:24:04.136007Z","175","175"
"悬浮时钟-抢购秒杀助手","1546947240","Lifetime Membership","iap-8bcee3b9718b7199c18979d1","白俄罗斯","by","5.99","USD","USD 5.99","40.1965214342","5.99","6.71060458","2026-09-15","2026-09-16T02:24:45.107115Z","AVAILABLE","INFERRED","https://apps.apple.com/by/app/floating-clock/id1546947240","true","PRICE","页面英文名称","UNKNOWN","","","","2026-09-16T02:24:04.136007Z","175","175"
"悬浮时钟-抢购秒杀助手","1546947240","Lifetime Membership","iap-8bcee3b9718b7199c18979d1","刚果（布）","cg","5.99","USD","USD 5.99","40.1965214342","5.99","6.71060458","2026-09-15","2026-09-16T02:24:50.522846Z","AVAILABLE","INFERRED","https://apps.apple.com/cg/app/floating-clock/id1546947240","true","PRICE","页面英文名称","UNKNOWN","","","","2026-09-16T02:24:04.136007Z","175","175"
"悬浮时钟-抢购秒杀助手","1546947240","Lifetime Membership","iap-8bcee3b9718b7199c18979d1","科特迪瓦","ci","5.99","USD","5,99 $US","40.1965214342","5.99","6.71060458","2026-09-15","2026-09-16T02:24:53.534236Z","AVAILABLE","INFERRED","https://apps.apple.com/ci/app/%E6%82%AC%E6%B5%AE%E6%97%B6%E9%92%9F-%E6%8A%A2%E8%B4%AD%E7%A7%92%E6%9D%80%E5%8A%A9%E6%89%8B/id1546947240","true","PRICE","同区英文页唯一金额对应: https://apps.apple.com/ci/app/floating-clock/id1546947240?l=en-GB","UNKNOWN","","","","2026-09-16T02:24:04.136007Z","175","175"
"悬浮时钟-抢购秒杀助手","1546947240","Lifetime Membership","iap-8bcee3b9718b7199c18979d1","喀麦隆","cm","5.99","USD","5,99 $US","40.1965214342","5.99","6.71060458","2026-09-15","2026-09-16T02:24:57.501464Z","AVAILABLE","INFERRED","https://apps.apple.com/cm/app/%E6%82%AC%E6%B5%AE%E6%97%B6%E9%92%9F-%E6%8A%A2%E8%B4%AD%E7%A7%92%E6%9D%80%E5%8A%A9%E6%89%8B/id1546947240","true","PRICE","同区英文页唯一金额对应: https://apps.apple.com/cm/app/floating-clock/id1546947240?l=en-GB","UNKNOWN","","","","2026-09-16T02:24:04.136007Z","175","175"
"悬浮时钟-抢购秒杀助手","1546947240","Lifetime Membership","iap-8bcee3b9718b7199c18979d1","格鲁吉亚","ge","5.99","USD","USD 5.99","40.1965214342","5.99","6.71060458","2026-09-15","2026-09-16T02:25:19.634686Z","AVAILABLE","INFERRED","https://apps.apple.com/ge/app/floating-clock/id1546947240","true","PRICE","页面英文名称","UNKNOWN","","","","2026-09-16T02:24:04.136007Z","175","175"
"悬浮时钟-抢购秒杀助手","1546947240","Lifetime Membership","iap-8bcee3b9718b7199c18979d1","加纳","gh","5.99","USD","USD 5.99","40.1965214342","5.99","6.71060458","2026-09-15","2026-09-16T02:25:18.080270Z","AVAILABLE","INFERRED","https://apps.apple.com/gh/app/floating-clock/id1546947240","true","PRICE","页面英文名称","UNKNOWN","","","","2026-09-16T02:24:04.136007Z","175","175"
"悬浮时钟-抢购秒杀助手","1546947240","Lifetime Membership","iap-8bcee3b9718b7199c18979d1","冰岛","is","5.99","USD","USD 5.99","40.1965214342","5.99","6.71060458","2026-09-15","2026-09-16T02:25:26.257902Z","AVAILABLE","INFERRED","https://apps.apple.com/is/app/floating-clock/id1546947240","true","PRICE","页面英文名称","UNKNOWN","","","","2026-09-16T02:24:04.136007Z","175","175"
"悬浮时钟-抢购秒杀助手","1546947240","Lifetime Membership","iap-8bcee3b9718b7199c18979d1","肯尼亚","ke","5.99","USD","USD 5.99","40.1965214342","5.99","6.71060458","2026-09-15","2026-09-16T02:25:36.114139Z","AVAILABLE","INFERRED","https://apps.apple.com/ke/app/floating-clock/id1546947240","true","PRICE","页面英文名称","UNKNOWN","","","","2026-09-16T02:24:04.136007Z","175","175"
"悬浮时钟-抢购秒杀助手","1546947240","Lifetime Membership","iap-8bcee3b9718b7199c18979d1","摩洛哥","ma","5.99","USD","$5.99","40.1965214342","5.99","6.71060458","2026-09-15","2026-09-16T02:25:41.250770Z","AVAILABLE","INFERRED","https://apps.apple.com/ma/app/floating-clock/id1546947240","true","PRICE","页面英文名称","UNKNOWN","","","","2026-09-16T02:24:04.136007Z","175","175"
"悬浮时钟-抢购秒杀助手","1546947240","Lifetime Membership","iap-8bcee3b9718b7199c18979d1","摩尔多瓦","md","5.99","USD","USD 5.99","40.1965214342","5.99","6.71060458","2026-09-15","2026-09-16T02:25:38.587929Z","AVAILABLE","INFERRED","https://apps.apple.com/md/app/floating-clock/id1546947240","true","PRICE","页面英文名称","UNKNOWN","","","","2026-09-16T02:24:04.136007Z","175","175"
"悬浮时钟-抢购秒杀助手","1546947240","Lifetime Membership","iap-8bcee3b9718b7199c18979d1","毛里求斯","mu","5.99","USD","USD 5.99","40.1965214342","5.99","6.71060458","2026-09-15","2026-09-16T02:25:44.752207Z","AVAILABLE","INFERRED","https://apps.apple.com/mu/app/floating-clock/id1546947240","true","PRICE","页面英文名称","UNKNOWN","","","","2026-09-16T02:24:04.136007Z","175","175"
"悬浮时钟-抢购秒杀助手","1546947240","Lifetime Membership","iap-8bcee3b9718b7199c18979d1","尼泊尔","np","5.99","USD","USD 5.99","40.1965214342","5.99","6.71060458","2026-09-15","2026-09-16T02:25:56.864115Z","AVAILABLE","INFERRED","https://apps.apple.com/np/app/floating-clock/id1546947240","true","PRICE","页面英文名称","UNKNOWN","","","","2026-09-16T02:24:04.136007Z","175","175"
"悬浮时钟-抢购秒杀助手","1546947240","Lifetime Membership","iap-8bcee3b9718b7199c18979d1","塞内加尔","sn","5.99","USD","USD 5.99","40.1965214342","5.99","6.71060458","2026-09-15","2026-09-16T02:26:14.467059Z","AVAILABLE","INFERRED","https://apps.apple.com/sn/app/floating-clock/id1546947240","true","PRICE","页面英文名称","UNKNOWN","","","","2026-09-16T02:24:04.136007Z","175","175"
"悬浮时钟-抢购秒杀助手","1546947240","Lifetime Membership","iap-8bcee3b9718b7199c18979d1","乌克兰","ua","5.99","USD","5,99 USD","40.1965214342","5.99","6.71060458","2026-09-15","2026-09-16T02:26:31.080840Z","AVAILABLE","INFERRED","https://apps.apple.com/ua/app/floating-clock/id1546947240","true","PRICE","页面英文名称","UNKNOWN","","","","2026-09-16T02:24:04.136007Z","175","175"
"悬浮时钟-抢购秒杀助手","1546947240","Lifetime Membership","iap-8bcee3b9718b7199c18979d1","乌干达","ug","5.99","USD","USD 5.99","40.1965214342","5.99","6.71060458","2026-09-15","2026-09-16T02:26:31.035140Z","AVAILABLE","INFERRED","https://apps.apple.com/ug/app/floating-clock/id1546947240","true","PRICE","页面英文名称","UNKNOWN","","","","2026-09-16T02:24:04.136007Z","175","175"
"悬浮时钟-抢购秒杀助手","1546947240","Lifetime Membership","iap-8bcee3b9718b7199c18979d1","赞比亚","zm","5.99","USD","USD 5.99","40.1965214342","5.99","6.71060458","2026-09-15","2026-09-16T02:26:37.739552Z","AVAILABLE","INFERRED","https://apps.apple.com/zm/app/floating-clock/id1546947240","true","PRICE","页面英文名称","UNKNOWN","","","","2026-09-16T02:24:04.136007Z","175","175"
"悬浮时钟-抢购秒杀助手","1546947240","Lifetime Membership","iap-8bcee3b9718b7199c18979d1","津巴布韦","zw","5.99","USD","USD 5.99","40.1965214342","5.99","6.71060458","2026-09-15","2026-09-16T02:26:37.260240Z","AVAILABLE","INFERRED","https://apps.apple.com/zw/app/floating-clock/id1546947240","true","PRICE","页面英文名称","UNKNOWN","","","","2026-09-16T02:24:04.136007Z","175","175"
"悬浮时钟-抢购秒杀助手","1546947240","Lifetime Membership","iap-8bcee3b9718b7199c18979d1","丹麦","dk","39","DKK","39,00 kr","40.38592737615466","6.018224870009352","1.035536599388581","2026-09-15","2026-09-16T02:24:59.726794Z","AVAILABLE","INFERRED","https://apps.apple.com/dk/app/floating-clock/id1546947240","true","PRICE","页面英文名称","UNKNOWN","","","","2026-09-16T02:24:04.136007Z","175","175"
"悬浮时钟-抢购秒杀助手","1546947240","Lifetime Membership","iap-8bcee3b9718b7199c18979d1","捷克","cz","129","CZK","129,00 Kč","41.110075541291394","6.126135887042743","0.3186827561340418","2026-09-15","2026-09-16T02:25:04.428011Z","AVAILABLE","INFERRED","https://apps.apple.com/cz/app/floating-clock/id1546947240","true","PRICE","页面英文名称","UNKNOWN","","","","2026-09-16T02:24:04.136007Z","175","175"
"悬浮时钟-抢购秒杀助手","1546947240","Lifetime Membership","iap-8bcee3b9718b7199c18979d1","南非","za","99.99","ZAR","R99.99","41.226816483186695","6.143532373529703","0.4123093957714441","2026-09-15","2026-09-16T02:26:37.772063Z","AVAILABLE","INFERRED","https://apps.apple.com/za/app/floating-clock/id1546947240","true","PRICE","页面英文名称","UNKNOWN","","","","2026-09-16T02:24:04.136007Z","175","175"
"悬浮时钟-抢购秒杀助手","1546947240","Lifetime Membership","iap-8bcee3b9718b7199c18979d1","智利","cl","5990","CLP","$5.990","42.07692595239227","6.270213875780514","0.007024528539631431","2026-09-15","2026-09-16T02:24:53.252749Z","AVAILABLE","INFERRED","https://apps.apple.com/cl/app/reloj-flotante/id1546947240","true","PRICE","同区英文页唯一金额对应: https://apps.apple.com/cl/app/floating-clock/id1546947240?l=en-GB","UNKNOWN","","","","2026-09-16T02:24:04.136007Z","175","175"
"悬浮时钟-抢购秒杀助手","1546947240","Lifetime Membership","iap-8bcee3b9718b7199c18979d1","匈牙利","hu","1990","HUF","HUF1,990.00","42.096690537961116","6.273159152220695","0.021154115848221664","2026-09-15","2026-09-16T02:25:21.010847Z","AVAILABLE","INFERRED","https://apps.apple.com/hu/app/floating-clock/id1546947240","true","PRICE","页面英文名称","UNKNOWN","","","","2026-09-16T02:24:04.136007Z","175","175"
"悬浮时钟-抢购秒杀助手","1546947240","Lifetime Membership","iap-8bcee3b9718b7199c18979d1","挪威","no","59","NOK","59,00 kr","42.383068642895886","6.315834607393286","0.7183570956423031","2026-09-15","2026-09-16T02:25:54.841858Z","AVAILABLE","INFERRED","https://apps.apple.com/no/app/floating-clock/id1546947240","true","PRICE","页面英文名称","UNKNOWN","","","","2026-09-16T02:24:04.136007Z","175","175"
"悬浮时钟-抢购秒杀助手","1546947240","Lifetime Membership","iap-8bcee3b9718b7199c18979d1","罗马尼亚","ro","29.99","RON","29,99 lei","44.15538335016996","6.579941169796949","1.4723368906358774","2026-09-15","2026-09-16T02:26:05.588087Z","AVAILABLE","INFERRED","https://apps.apple.com/ro/app/floating-clock/id1546947240","true","PRICE","页面英文名称","UNKNOWN","","","","2026-09-16T02:24:04.136007Z","175","175"
"悬浮时钟-抢购秒杀助手","1546947240","Lifetime Membership","iap-8bcee3b9718b7199c18979d1","波兰","pl","24.99","PLN","24,99 zł","44.55420927973817","6.639373360267067","1.7828815237990463","2026-09-15","2026-09-16T02:26:02.906974Z","AVAILABLE","INFERRED","https://apps.apple.com/pl/app/floating-clock/id1546947240","true","PRICE","页面英文名称","UNKNOWN","","","","2026-09-16T02:24:04.136007Z","175","175"
"悬浮时钟-抢购秒杀助手","1546947240","Lifetime Membership","iap-8bcee3b9718b7199c18979d1","哈萨克斯坦","kz","2990","KZT","2,990.00₸","44.584195111884085","6.6438417850995","0.01491110204410839","2026-09-15","2026-09-16T02:25:31.158420Z","AVAILABLE","INFERRED","https://apps.apple.com/kz/app/floating-clock/id1546947240","true","PRICE","页面英文名称","UNKNOWN","","","","2026-09-16T02:24:04.136007Z","175","175"
"悬浮时钟-抢购秒杀助手","1546947240","Lifetime Membership","iap-8bcee3b9718b7199c18979d1","英国","gb","4.99","GBP","£4.99","45.15383302153073","6.728728012987874","9.04886433297209","2026-09-15","2026-09-16T02:24:20.311044Z","AVAILABLE","INFERRED","https://apps.apple.com/gb/app/floating-clock/id1546947240","true","PRICE","页面英文名称","UNKNOWN","","","","2026-09-16T02:24:04.136007Z","175","175"
"悬浮时钟-抢购秒杀助手","1546947240","Lifetime Membership","iap-8bcee3b9718b7199c18979d1","秘鲁","pe","22.9","PEN","S/ 22.90","45.73181870659473","6.814858208587031","1.9970226509430014","2026-09-15","2026-09-16T02:25:59.105548Z","AVAILABLE","INFERRED","https://apps.apple.com/pe/app/reloj-flotante/id1546947240","true","PRICE","同区英文页唯一金额对应: https://apps.apple.com/pe/app/floating-clock/id1546947240?l=en-GB","UNKNOWN","","","","2026-09-16T02:24:04.136007Z","175","175"
"悬浮时钟-抢购秒杀助手","1546947240","Lebenslange Mitgliedschaft","iap-8bcee3b9718b7199c18979d1","奥地利","at","5.99","EUR","5,99 €","46.369416638177384","6.909871694180107","7.741138003034622","2026-09-15","2026-09-16T02:24:32.037966Z","AVAILABLE","INFERRED","https://apps.apple.com/at/app/schwebende-uhr/id1546947240","true","PRICE","同区英文页唯一金额对应: https://apps.apple.com/at/app/floating-clock/id1546947240?l=en-GB","UNKNOWN","","","","2026-09-16T02:24:04.136007Z","175","175"
"悬浮时钟-抢购秒杀助手","1546947240","Lifetime Membership","iap-8bcee3b9718b7199c18979d1","波斯尼亚和黑塞哥维那","ba","5.99","EUR","5,99 €","46.369416638177384","6.909871694180107","7.741138003034622","2026-09-15","2026-09-16T02:24:36.419216Z","AVAILABLE","INFERRED","https://apps.apple.com/ba/app/floating-clock/id1546947240","true","PRICE","页面英文名称","UNKNOWN","","","","2026-09-16T02:24:04.136007Z","175","175"
"悬浮时钟-抢购秒杀助手","1546947240","Lifetime Membership","iap-8bcee3b9718b7199c18979d1","比利时","be","5.99","EUR","5,99 €","46.369416638177384","6.909871694180107","7.741138003034622","2026-09-15","2026-09-16T02:24:37.740955Z","AVAILABLE","INFERRED","https://apps.apple.com/be/app/floating-clock/id1546947240","true","PRICE","页面英文名称","UNKNOWN","","","","2026-09-16T02:24:04.136007Z","175","175"
"悬浮时钟-抢购秒杀助手","1546947240","Lifetime Membership","iap-8bcee3b9718b7199c18979d1","保加利亚","bg","5.99","EUR","5,99 €","46.369416638177384","6.909871694180107","7.741138003034622","2026-09-15","2026-09-16T02:24:43.435044Z","AVAILABLE","INFERRED","https://apps.apple.com/bg/app/floating-clock/id1546947240","true","PRICE","页面英文名称","UNKNOWN","","","","2026-09-16T02:24:04.136007Z","175","175"
"悬浮时钟-抢购秒杀助手","1546947240","Lifetime Membership","iap-8bcee3b9718b7199c18979d1","塞浦路斯","cy","5.99","EUR","5,99 €","46.369416638177384","6.909871694180107","7.741138003034622","2026-09-15","2026-09-16T02:25:03.187076Z","AVAILABLE","INFERRED","https://apps.apple.com/cy/app/floating-clock/id1546947240","true","PRICE","页面英文名称","UNKNOWN","","","","2026-09-16T02:24:04.136007Z","175","175"
"悬浮时钟-抢购秒杀助手","1546947240","Lebenslange Mitgliedschaft","iap-8bcee3b9718b7199c18979d1","德国","de","5.99","EUR","5,99 €","46.369416638177384","6.909871694180107","7.741138003034622","2026-09-15","2026-09-16T02:24:23.685349Z","AVAILABLE","INFERRED","https://apps.apple.com/de/app/schwebende-uhr/id1546947240","true","PRICE","同区英文页唯一金额对应: https://apps.apple.com/de/app/floating-clock/id1546947240?l=en-GB","UNKNOWN","","","","2026-09-16T02:24:04.136007Z","175","175"
"悬浮时钟-抢购秒杀助手","1546947240","Lifetime Membership","iap-8bcee3b9718b7199c18979d1","爱沙尼亚","ee","5.99","EUR","5,99 €","46.369416638177384","6.909871694180107","7.741138003034622","2026-09-15","2026-09-16T02:25:12.009938Z","AVAILABLE","INFERRED","https://apps.apple.com/ee/app/floating-clock/id1546947240","true","PRICE","页面英文名称","UNKNOWN","","","","2026-09-16T02:24:04.136007Z","175","175"
"悬浮时钟-抢购秒杀助手","1546947240","Lifetime Membership","iap-8bcee3b9718b7199c18979d1","西班牙","es","5.99","EUR","5,99 €","46.369416638177384","6.909871694180107","7.741138003034622","2026-09-15","2026-09-16T02:25:14.854413Z","AVAILABLE","INFERRED","https://apps.apple.com/es/app/reloj-flotante/id1546947240","true","PRICE","同区英文页唯一金额对应: https://apps.apple.com/es/app/floating-clock/id1546947240?l=en-GB","UNKNOWN","","","","2026-09-16T02:24:04.136007Z","175","175"
"悬浮时钟-抢购秒杀助手","1546947240","Lifetime Membership","iap-8bcee3b9718b7199c18979d1","芬兰","fi","5.99","EUR","5,99 €","46.369416638177384","6.909871694180107","7.741138003034622","2026-09-15","2026-09-16T02:25:11.872576Z","AVAILABLE","INFERRED","https://apps.apple.com/fi/app/floating-clock/id1546947240","true","PRICE","页面英文名称","UNKNOWN","","","","2026-09-16T02:24:04.136007Z","175","175"
"悬浮时钟-抢购秒杀助手","1546947240","Lifetime Membership","iap-8bcee3b9718b7199c18979d1","法国","fr","5.99","EUR","5,99 €","46.369416638177384","6.909871694180107","7.741138003034622","2026-09-15","2026-09-16T02:24:30.969349Z","AVAILABLE","INFERRED","https://apps.apple.com/fr/app/%E6%82%AC%E6%B5%AE%E6%97%B6%E9%92%9F-%E6%8A%A2%E8%B4%AD%E7%A7%92%E6%9D%80%E5%8A%A9%E6%89%8B/id1546947240","true","PRICE","同区英文页唯一金额对应: https://apps.apple.com/fr/app/floating-clock/id1546947240?l=en-GB","UNKNOWN","","","","2026-09-16T02:24:04.136007Z","175","175"
"悬浮时钟-抢购秒杀助手","1546947240","Lifetime Membership","iap-8bcee3b9718b7199c18979d1","希腊","gr","5.99","EUR","5,99 €","46.369416638177384","6.909871694180107","7.741138003034622","2026-09-15","2026-09-16T02:25:16.369197Z","AVAILABLE","INFERRED","https://apps.apple.com/gr/app/floating-clock/id1546947240","true","PRICE","页面英文名称","UNKNOWN","","","","2026-09-16T02:24:04.136007Z","175","175"
"悬浮时钟-抢购秒杀助手","1546947240","Lifetime Membership","iap-8bcee3b9718b7199c18979d1","克罗地亚","hr","5.99","EUR","5,99 €","46.369416638177384","6.909871694180107","7.741138003034622","2026-09-15","2026-09-16T02:25:24.031187Z","AVAILABLE","INFERRED","https://apps.apple.com/hr/app/floating-clock/id1546947240","true","PRICE","页面英文名称","UNKNOWN","","","","2026-09-16T02:24:04.136007Z","175","175"
"悬浮时钟-抢购秒杀助手","1546947240","Lifetime Membership","iap-8bcee3b9718b7199c18979d1","爱尔兰","ie","5.99","EUR","€5.99","46.369416638177384","6.909871694180107","7.741138003034622","2026-09-15","2026-09-16T02:25:27.536116Z","AVAILABLE","INFERRED","https://apps.apple.com/ie/app/floating-clock/id1546947240","true","PRICE","页面英文名称","UNKNOWN","","","","2026-09-16T02:24:04.136007Z","175","175"
"悬浮时钟-抢购秒杀助手","1546947240","Lifetime Membership","iap-8bcee3b9718b7199c18979d1","意大利","it","5.99","EUR","5,99 €","46.369416638177384","6.909871694180107","7.741138003034622","2026-09-15","2026-09-16T02:25:30.305035Z","AVAILABLE","INFERRED","https://apps.apple.com/it/app/%E6%82%AC%E6%B5%AE%E6%97%B6%E9%92%9F-%E6%8A%A2%E8%B4%AD%E7%A7%92%E6%9D%80%E5%8A%A9%E6%89%8B/id1546947240","true","PRICE","同区英文页唯一金额对应: https://apps.apple.com/it/app/floating-clock/id1546947240?l=en-GB","UNKNOWN","","","","2026-09-16T02:24:04.136007Z","175","175"
"悬浮时钟-抢购秒杀助手","1546947240","Lifetime Membership","iap-8bcee3b9718b7199c18979d1","立陶宛","lt","5.99","EUR","5,99 €","46.369416638177384","6.909871694180107","7.741138003034622","2026-09-15","2026-09-16T02:25:41.030793Z","AVAILABLE","INFERRED","https://apps.apple.com/lt/app/floating-clock/id1546947240","true","PRICE","页面英文名称","UNKNOWN","","","","2026-09-16T02:24:04.136007Z","175","175"
"悬浮时钟-抢购秒杀助手","1546947240","Lifetime Membership","iap-8bcee3b9718b7199c18979d1","卢森堡","lu","5.99","EUR","5,99 €","46.369416638177384","6.909871694180107","7.741138003034622","2026-09-15","2026-09-16T02:25:40.711424Z","AVAILABLE","INFERRED","https://apps.apple.com/lu/app/floating-clock/id1546947240","true","PRICE","页面英文名称","UNKNOWN","","","","2026-09-16T02:24:04.136007Z","175","175"
"悬浮时钟-抢购秒杀助手","1546947240","Lifetime Membership","iap-8bcee3b9718b7199c18979d1","拉脱维亚","lv","5.99","EUR","5,99 €","46.369416638177384","6.909871694180107","7.741138003034622","2026-09-15","2026-09-16T02:25:37.614102Z","AVAILABLE","INFERRED","https://apps.apple.com/lv/app/floating-clock/id1546947240","true","PRICE","页面英文名称","UNKNOWN","","","","2026-09-16T02:24:04.136007Z","175","175"
"悬浮时钟-抢购秒杀助手","1546947240","Lifetime Membership","iap-8bcee3b9718b7199c18979d1","马耳他","mt","5.99","EUR","5,99 €","46.369416638177384","6.909871694180107","7.741138003034622","2026-09-15","2026-09-16T02:25:48.882135Z","AVAILABLE","INFERRED","https://apps.apple.com/mt/app/floating-clock/id1546947240","true","PRICE","页面英文名称","UNKNOWN","","","","2026-09-16T02:24:04.136007Z","175","175"
"悬浮时钟-抢购秒杀助手","1546947240","Lifetime Membership","iap-8bcee3b9718b7199c18979d1","荷兰","nl","5.99","EUR","€ 5,99","46.369416638177384","6.909871694180107","7.741138003034622","2026-09-15","2026-09-16T02:25:53.646292Z","AVAILABLE","INFERRED","https://apps.apple.com/nl/app/%E6%82%AC%E6%B5%AE%E6%97%B6%E9%92%9F-%E6%8A%A2%E8%B4%AD%E7%A7%92%E6%9D%80%E5%8A%A9%E6%89%8B/id1546947240","true","PRICE","同区英文页唯一金额对应: https://apps.apple.com/nl/app/floating-clock/id1546947240?l=en-GB","UNKNOWN","","","","2026-09-16T02:24:04.136007Z","175","175"
"悬浮时钟-抢购秒杀助手","1546947240","Lifetime Membership","iap-8bcee3b9718b7199c18979d1","葡萄牙","pt","5.99","EUR","5,99 €","46.369416638177384","6.909871694180107","7.741138003034622","2026-09-15","2026-09-16T02:26:05.625051Z","AVAILABLE","INFERRED","https://apps.apple.com/pt/app/%E6%82%AC%E6%B5%AE%E6%97%B6%E9%92%9F-%E6%8A%A2%E8%B4%AD%E7%A7%92%E6%9D%80%E5%8A%A9%E6%89%8B/id1546947240","true","PRICE","同区英文页唯一金额对应: https://apps.apple.com/pt/app/floating-clock/id1546947240?l=en-GB","UNKNOWN","","","","2026-09-16T02:24:04.136007Z","175","175"
"悬浮时钟-抢购秒杀助手","1546947240","Lifetime Membership","iap-8bcee3b9718b7199c18979d1","塞尔维亚","rs","5.99","EUR","5,99 €","46.369416638177384","6.909871694180107","7.741138003034622","2026-09-15","2026-09-16T02:26:08.008936Z","AVAILABLE","INFERRED","https://apps.apple.com/rs/app/floating-clock/id1546947240","true","PRICE","页面英文名称","UNKNOWN","","","","2026-09-16T02:24:04.136007Z","175","175"
"悬浮时钟-抢购秒杀助手","1546947240","Lifetime Membership","iap-8bcee3b9718b7199c18979d1","斯洛文尼亚","si","5.99","EUR","5,99 €","46.369416638177384","6.909871694180107","7.741138003034622","2026-09-15","2026-09-16T02:26:10.596890Z","AVAILABLE","INFERRED","https://apps.apple.com/si/app/floating-clock/id1546947240","true","PRICE","页面英文名称","UNKNOWN","","","","2026-09-16T02:24:04.136007Z","175","175"
"悬浮时钟-抢购秒杀助手","1546947240","Lifetime Membership","iap-8bcee3b9718b7199c18979d1","斯洛伐克","sk","5.99","EUR","5,99 €","46.369416638177384","6.909871694180107","7.741138003034622","2026-09-15","2026-09-16T02:26:10.343663Z","AVAILABLE","INFERRED","https://apps.apple.com/sk/app/floating-clock/id1546947240","true","PRICE","页面英文名称","UNKNOWN","","","","2026-09-16T02:24:04.136007Z","175","175"
"悬浮时钟-抢购秒杀助手","1546947240","Lifetime Membership","iap-8bcee3b9718b7199c18979d1","科索沃","xk","5.99","EUR","5,99 €","46.369416638177384","6.909871694180107","7.741138003034622","2026-09-15","2026-09-16T02:26:37.396524Z","AVAILABLE","INFERRED","https://apps.apple.com/xk/app/floating-clock/id1546947240","true","PRICE","页面英文名称","UNKNOWN","","","","2026-09-16T02:24:04.136007Z","175","175"
"悬浮时钟-抢购秒杀助手","1546947240","Lifetime Membership","iap-8bcee3b9718b7199c18979d1","瑞典","se","69","SEK","69,00 kr","47.352575563288084","7.056379942936242","0.6862692110621461","2026-09-15","2026-09-16T02:26:11.975733Z","AVAILABLE","INFERRED","https://apps.apple.com/se/app/%E6%82%AC%E6%B5%AE%E6%97%B6%E9%92%9F-%E6%8A%A2%E8%B4%AD%E7%A7%92%E6%9D%80%E5%8A%A9%E6%89%8B/id1546947240","true","PRICE","同区英文页唯一金额对应: https://apps.apple.com/se/app/floating-clock/id1546947240?l=en-GB","UNKNOWN","","","","2026-09-16T02:24:04.136007Z","175","175"
"悬浮时钟-抢购秒杀助手","1546947240","Lifetime Membership","iap-8bcee3b9718b7199c18979d1","哥伦比亚","co","24900","COP","$ 24.900,00","53.76652874421918","8.012173583355313","0.0021592983431413327","2026-09-15","2026-09-16T02:24:52.973830Z","AVAILABLE","INFERRED","https://apps.apple.com/co/app/reloj-flotante/id1546947240","true","PRICE","同区英文页唯一金额对应: https://apps.apple.com/co/app/floating-clock/id1546947240?l=en-GB","UNKNOWN","","","","2026-09-16T02:24:04.136007Z","175","175"
"悬浮时钟-抢购秒杀助手","1546947240","Quarterly Membership","iap-fd5aab72702690a11683c9ca","印度尼西亚","id","29000","IDR","Rp 29ribu","11.004372366181169","1.639848129180213","0.00037946111607521275","2026-09-15","2026-09-16T02:24:12.180142Z","AVAILABLE","INFERRED","https://apps.apple.com/id/app/floating-clock/id1546947240","true","PRICE","页面英文名称","UNKNOWN","","","","2026-09-16T02:24:04.136007Z","175","175"
"悬浮时钟-抢购秒杀助手","1546947240","Quarterly Membership","iap-fd5aab72702690a11683c9ca","巴基斯坦","pk","500","PKR","Rs 500.00","12.09683808234158","1.8026450431000631","0.024193676164683164","2026-09-15","2026-09-16T02:26:02.067947Z","AVAILABLE","INFERRED","https://apps.apple.com/pk/app/floating-clock/id1546947240","true","PRICE","页面英文名称","UNKNOWN","","","","2026-09-16T02:24:04.136007Z","175","175"
"悬浮时钟-抢购秒杀助手","1546947240","Quarterly Membership","iap-fd5aab72702690a11683c9ca","台湾","tw","60","TWD","$60.00","12.666781712796539","1.8875768288520642","0.211113028546609","2026-09-15","2026-09-16T02:24:11.403317Z","AVAILABLE","INFERRED","https://apps.apple.com/tw/app/%E6%87%B8%E6%B5%AE%E6%99%82%E9%90%98/id1546947240","true","PRICE","同区英文页唯一金额对应: https://apps.apple.com/tw/app/floating-clock/id1546947240?l=en-GB","UNKNOWN","","","","2026-09-16T02:24:04.136007Z","175","175"
"悬浮时钟-抢购秒杀助手","1546947240","Quarterly Membership","iap-fd5aab72702690a11683c9ca","埃及","eg","99.99","EGP","EGP 99.99","12.977179755568116","1.9338316839953213","0.12978477603328448","2026-09-15","2026-09-16T02:25:14.714348Z","AVAILABLE","INFERRED","https://apps.apple.com/eg/app/floating-clock/id1546947240","true","PRICE","页面英文名称","UNKNOWN","","","","2026-09-16T02:24:04.136007Z","175","175"
"悬浮时钟-抢购秒杀助手","1546947240","3か月会員","iap-fd5aab72702690a11683c9ca","日本","jp","300","JPY","¥300","13.013225669552503","1.9392031693145153","0.04337741889850834","2026-09-15","2026-09-16T02:24:13.124929Z","AVAILABLE","INFERRED","https://apps.apple.com/jp/app/%E3%83%95%E3%83%AD%E3%83%BC%E3%83%86%E3%82%A3%E3%83%B3%E3%82%B0%E6%99%82%E8%A8%88/id1546947240","true","PRICE","同区英文页唯一金额对应: https://apps.apple.com/jp/app/floating-clock/id1546947240?l=en-US","UNKNOWN","","","","2026-09-16T02:24:04.136007Z","175","175"
"悬浮时钟-抢购秒杀助手","1546947240","Quarterly Membership","iap-fd5aab72702690a11683c9ca","阿富汗","af","1.99","USD","USD 1.99","13.3541031142","1.99","6.71060458","2026-09-15","2026-09-16T02:24:21.716106Z","AVAILABLE","INFERRED","https://apps.apple.com/af/app/floating-clock/id1546947240","true","PRICE","页面英文名称","UNKNOWN","","","","2026-09-16T02:24:04.136007Z","175","175"
"悬浮时钟-抢购秒杀助手","1546947240","Quarterly Membership","iap-fd5aab72702690a11683c9ca","安提瓜和巴布达","ag","1.99","USD","USD 1.99","13.3541031142","1.99","6.71060458","2026-09-15","2026-09-16T02:24:28.273026Z","AVAILABLE","INFERRED","https://apps.apple.com/ag/app/floating-clock/id1546947240","true","PRICE","页面英文名称","UNKNOWN","","","","2026-09-16T02:24:04.136007Z","175","175"
"悬浮时钟-抢购秒杀助手","1546947240","Quarterly Membership","iap-fd5aab72702690a11683c9ca","安圭拉","ai","1.99","USD","USD 1.99","13.3541031142","1.99","6.71060458","2026-09-15","2026-09-16T02:24:25.871160Z","AVAILABLE","INFERRED","https://apps.apple.com/ai/app/floating-clock/id1546947240","true","PRICE","页面英文名称","UNKNOWN","","","","2026-09-16T02:24:04.136007Z","175","175"
"悬浮时钟-抢购秒杀助手","1546947240","Quarterly Membership","iap-fd5aab72702690a11683c9ca","阿尔巴尼亚","al","1.99","USD","USD 1.99","13.3541031142","1.99","6.71060458","2026-09-15","2026-09-16T02:24:23.649485Z","AVAILABLE","INFERRED","https://apps.apple.com/al/app/floating-clock/id1546947240","true","PRICE","页面英文名称","UNKNOWN","","","","2026-09-16T02:24:04.136007Z","175","175"
"悬浮时钟-抢购秒杀助手","1546947240","Quarterly Membership","iap-fd5aab72702690a11683c9ca","亚美尼亚","am","1.99","USD","USD 1.99","13.3541031142","1.99","6.71060458","2026-09-15","2026-09-16T02:24:34.327570Z","AVAILABLE","INFERRED","https://apps.apple.com/am/app/floating-clock/id1546947240","true","PRICE","页面英文名称","UNKNOWN","","","","2026-09-16T02:24:04.136007Z","175","175"
"悬浮时钟-抢购秒杀助手","1546947240","Quarterly Membership","iap-fd5aab72702690a11683c9ca","安哥拉","ao","1.99","USD","USD 1.99","13.3541031142","1.99","6.71060458","2026-09-15","2026-09-16T02:24:26.512157Z","AVAILABLE","INFERRED","https://apps.apple.com/ao/app/floating-clock/id1546947240","true","PRICE","页面英文名称","UNKNOWN","","","","2026-09-16T02:24:04.136007Z","175","175"
"悬浮时钟-抢购秒杀助手","1546947240","Quarterly Membership","iap-fd5aab72702690a11683c9ca","阿根廷","ar","1.99","USD","USD 1.99","13.3541031142","1.99","6.71060458","2026-09-15","2026-09-16T02:24:39.715681Z","AVAILABLE","INFERRED","https://apps.apple.com/ar/app/reloj-flotante/id1546947240","true","PRICE","同区英文页唯一金额对应: https://apps.apple.com/ar/app/floating-clock/id1546947240?l=en-GB","UNKNOWN","","","","2026-09-16T02:24:04.136007Z","175","175"
"悬浮时钟-抢购秒杀助手","1546947240","Quarterly Membership","iap-fd5aab72702690a11683c9ca","阿塞拜疆","az","1.99","USD","USD 1.99","13.3541031142","1.99","6.71060458","2026-09-15","2026-09-16T02:24:29.628458Z","AVAILABLE","INFERRED","https://apps.apple.com/az/app/floating-clock/id1546947240","true","PRICE","页面英文名称","UNKNOWN","","","","2026-09-16T02:24:04.136007Z","175","175"
"悬浮时钟-抢购秒杀助手","1546947240","Quarterly Membership","iap-fd5aab72702690a11683c9ca","巴巴多斯","bb","1.99","USD","USD 1.99","13.3541031142","1.99","6.71060458","2026-09-15","2026-09-16T02:24:32.230445Z","AVAILABLE","INFERRED","https://apps.apple.com/bb/app/floating-clock/id1546947240","true","PRICE","页面英文名称","UNKNOWN","","","","2026-09-16T02:24:04.136007Z","175","175"
"悬浮时钟-抢购秒杀助手","1546947240","Quarterly Membership","iap-fd5aab72702690a11683c9ca","布基纳法索","bf","1.99","USD","USD 1.99","13.3541031142","1.99","6.71060458","2026-09-15","2026-09-16T02:24:33.935831Z","AVAILABLE","INFERRED","https://apps.apple.com/bf/app/floating-clock/id1546947240","true","PRICE","页面英文名称","UNKNOWN","","","","2026-09-16T02:24:04.136007Z","175","175"
"悬浮时钟-抢购秒杀助手","1546947240","Quarterly Membership","iap-fd5aab72702690a11683c9ca","巴林","bh","1.99","USD","$1.99","13.3541031142","1.99","6.71060458","2026-09-15","2026-09-16T02:24:36.065487Z","AVAILABLE","INFERRED","https://apps.apple.com/bh/app/floating-clock/id1546947240","true","PRICE","页面英文名称","UNKNOWN","","","","2026-09-16T02:24:04.136007Z","175","175"
"悬浮时钟-抢购秒杀助手","1546947240","Quarterly Membership","iap-fd5aab72702690a11683c9ca","贝宁","bj","1.99","USD","USD 1.99","13.3541031142","1.99","6.71060458","2026-09-15","2026-09-16T02:24:43.469050Z","AVAILABLE","INFERRED","https://apps.apple.com/bj/app/floating-clock/id1546947240","true","PRICE","页面英文名称","UNKNOWN","","","","2026-09-16T02:24:04.136007Z","175","175"
"悬浮时钟-抢购秒杀助手","1546947240","Quarterly Membership","iap-fd5aab72702690a11683c9ca","百慕大","bm","1.99","USD","USD 1.99","13.3541031142","1.99","6.71060458","2026-09-15","2026-09-16T02:24:38.812032Z","AVAILABLE","INFERRED","https://apps.apple.com/bm/app/floating-clock/id1546947240","true","PRICE","页面英文名称","UNKNOWN","","","","2026-09-16T02:24:04.136007Z","175","175"
"悬浮时钟-抢购秒杀助手","1546947240","Quarterly Membership","iap-fd5aab72702690a11683c9ca","文莱","bn","1.99","USD","USD 1.99","13.3541031142","1.99","6.71060458","2026-09-15","2026-09-16T02:24:43.106742Z","AVAILABLE","INFERRED","https://apps.apple.com/bn/app/floating-clock/id1546947240","true","PRICE","页面英文名称","UNKNOWN","","","","2026-09-16T02:24:04.136007Z","175","175"
"悬浮时钟-抢购秒杀助手","1546947240","Quarterly Membership","iap-fd5aab72702690a11683c9ca","玻利维亚","bo","1.99","USD","USD 1.99","13.3541031142","1.99","6.71060458","2026-09-15","2026-09-16T02:24:43.232982Z","AVAILABLE","INFERRED","https://apps.apple.com/bo/app/reloj-flotante/id1546947240","true","PRICE","同区英文页唯一金额对应: https://apps.apple.com/bo/app/floating-clock/id1546947240?l=en-GB","UNKNOWN","","","","2026-09-16T02:24:04.136007Z","175","175"
"悬浮时钟-抢购秒杀助手","1546947240","Quarterly Membership","iap-fd5aab72702690a11683c9ca","巴哈马","bs","1.99","USD","USD 1.99","13.3541031142","1.99","6.71060458","2026-09-15","2026-09-16T02:24:40.873062Z","AVAILABLE","INFERRED","https://apps.apple.com/bs/app/floating-clock/id1546947240","true","PRICE","页面英文名称","UNKNOWN","","","","2026-09-16T02:24:04.136007Z","175","175"
"悬浮时钟-抢购秒杀助手","1546947240","Quarterly Membership","iap-fd5aab72702690a11683c9ca","不丹","bt","1.99","USD","USD 1.99","13.3541031142","1.99","6.71060458","2026-09-15","2026-09-16T02:24:42.988409Z","AVAILABLE","INFERRED","https://apps.apple.com/bt/app/floating-clock/id1546947240","true","PRICE","页面英文名称","UNKNOWN","","","","2026-09-16T02:24:04.136007Z","175","175"
"悬浮时钟-抢购秒杀助手","1546947240","Quarterly Membership","iap-fd5aab72702690a11683c9ca","博茨瓦纳","bw","1.99","USD","USD 1.99","13.3541031142","1.99","6.71060458","2026-09-15","2026-09-16T02:24:53.355378Z","AVAILABLE","INFERRED","https://apps.apple.com/bw/app/floating-clock/id1546947240","true","PRICE","页面英文名称","UNKNOWN","","","","2026-09-16T02:24:04.136007Z","175","175"
"悬浮时钟-抢购秒杀助手","1546947240","Quarterly Membership","iap-fd5aab72702690a11683c9ca","白俄罗斯","by","1.99","USD","USD 1.99","13.3541031142","1.99","6.71060458","2026-09-15","2026-09-16T02:24:45.107115Z","AVAILABLE","INFERRED","https://apps.apple.com/by/app/floating-clock/id1546947240","true","PRICE","页面英文名称","UNKNOWN","","","","2026-09-16T02:24:04.136007Z","175","175"
"悬浮时钟-抢购秒杀助手","1546947240","Quarterly Membership","iap-fd5aab72702690a11683c9ca","伯利兹","bz","1.99","USD","USD 1.99","13.3541031142","1.99","6.71060458","2026-09-15","2026-09-16T02:24:49.123519Z","AVAILABLE","INFERRED","https://apps.apple.com/bz/app/floating-clock/id1546947240","true","PRICE","页面英文名称","UNKNOWN","","","","2026-09-16T02:24:04.136007Z","175","175"
"悬浮时钟-抢购秒杀助手","1546947240","Quarterly Membership","iap-fd5aab72702690a11683c9ca","刚果（金）","cd","1.99","USD","USD 1.99","13.3541031142","1.99","6.71060458","2026-09-15","2026-09-16T02:24:52.970231Z","AVAILABLE","INFERRED","https://apps.apple.com/cd/app/floating-clock/id1546947240","true","PRICE","页面英文名称","UNKNOWN","","","","2026-09-16T02:24:04.136007Z","175","175"
"悬浮时钟-抢购秒杀助手","1546947240","Quarterly Membership","iap-fd5aab72702690a11683c9ca","刚果（布）","cg","1.99","USD","USD 1.99","13.3541031142","1.99","6.71060458","2026-09-15","2026-09-16T02:24:50.522846Z","AVAILABLE","INFERRED","https://apps.apple.com/cg/app/floating-clock/id1546947240","true","PRICE","页面英文名称","UNKNOWN","","","","2026-09-16T02:24:04.136007Z","175","175"
"悬浮时钟-抢购秒杀助手","1546947240","Quarterly Membership","iap-fd5aab72702690a11683c9ca","科特迪瓦","ci","1.99","USD","1,99 $US","13.3541031142","1.99","6.71060458","2026-09-15","2026-09-16T02:24:53.534236Z","AVAILABLE","INFERRED","https://apps.apple.com/ci/app/%E6%82%AC%E6%B5%AE%E6%97%B6%E9%92%9F-%E6%8A%A2%E8%B4%AD%E7%A7%92%E6%9D%80%E5%8A%A9%E6%89%8B/id1546947240","true","PRICE","同区英文页唯一金额对应: https://apps.apple.com/ci/app/floating-clock/id1546947240?l=en-GB","UNKNOWN","","","","2026-09-16T02:24:04.136007Z","175","175"
"悬浮时钟-抢购秒杀助手","1546947240","Quarterly Membership","iap-fd5aab72702690a11683c9ca","喀麦隆","cm","1.99","USD","1,99 $US","13.3541031142","1.99","6.71060458","2026-09-15","2026-09-16T02:24:57.501464Z","AVAILABLE","INFERRED","https://apps.apple.com/cm/app/%E6%82%AC%E6%B5%AE%E6%97%B6%E9%92%9F-%E6%8A%A2%E8%B4%AD%E7%A7%92%E6%9D%80%E5%8A%A9%E6%89%8B/id1546947240","true","PRICE","同区英文页唯一金额对应: https://apps.apple.com/cm/app/floating-clock/id1546947240?l=en-GB","UNKNOWN","","","","2026-09-16T02:24:04.136007Z","175","175"
"悬浮时钟-抢购秒杀助手","1546947240","Quarterly Membership","iap-fd5aab72702690a11683c9ca","哥斯达黎加","cr","1.99","USD","USD 1.99","13.3541031142","1.99","6.71060458","2026-09-15","2026-09-16T02:25:01.060517Z","AVAILABLE","INFERRED","https://apps.apple.com/cr/app/reloj-flotante/id1546947240","true","PRICE","同区英文页唯一金额对应: https://apps.apple.com/cr/app/floating-clock/id1546947240?l=en-GB","UNKNOWN","","","","2026-09-16T02:24:04.136007Z","175","175"
"悬浮时钟-抢购秒杀助手","1546947240","Quarterly Membership","iap-fd5aab72702690a11683c9ca","佛得角","cv","1.99","USD","USD 1.99","13.3541031142","1.99","6.71060458","2026-09-15","2026-09-16T02:25:03.267620Z","AVAILABLE","INFERRED","https://apps.apple.com/cv/app/floating-clock/id1546947240","true","PRICE","页面英文名称","UNKNOWN","","","","2026-09-16T02:24:04.136007Z","175","175"
"悬浮时钟-抢购秒杀助手","1546947240","Quarterly Membership","iap-fd5aab72702690a11683c9ca","多米尼克","dm","1.99","USD","USD 1.99","13.3541031142","1.99","6.71060458","2026-09-15","2026-09-16T02:25:03.003239Z","AVAILABLE","INFERRED","https://apps.apple.com/dm/app/floating-clock/id1546947240","true","PRICE","页面英文名称","UNKNOWN","","","","2026-09-16T02:24:04.136007Z","175","175"
"悬浮时钟-抢购秒杀助手","1546947240","Quarterly Membership","iap-fd5aab72702690a11683c9ca","多米尼加共和国","do","1.99","USD","USD 1.99","13.3541031142","1.99","6.71060458","2026-09-15","2026-09-16T02:25:02.894164Z","AVAILABLE","INFERRED","https://apps.apple.com/do/app/reloj-flotante/id1546947240","true","PRICE","同区英文页唯一金额对应: https://apps.apple.com/do/app/floating-clock/id1546947240?l=en-GB","UNKNOWN","","","","2026-09-16T02:24:04.136007Z","175","175"
"悬浮时钟-抢购秒杀助手","1546947240","Quarterly Membership","iap-fd5aab72702690a11683c9ca","阿尔及利亚","dz","1.99","USD","$1.99","13.3541031142","1.99","6.71060458","2026-09-15","2026-09-16T02:25:07.255667Z","AVAILABLE","INFERRED","https://apps.apple.com/dz/app/floating-clock/id1546947240","true","PRICE","页面英文名称","UNKNOWN","","","","2026-09-16T02:24:04.136007Z","175","175"
"悬浮时钟-抢购秒杀助手","1546947240","Quarterly Membership","iap-fd5aab72702690a11683c9ca","厄瓜多尔","ec","1.99","USD","USD 1.99","13.3541031142","1.99","6.71060458","2026-09-15","2026-09-16T02:25:06.606821Z","AVAILABLE","INFERRED","https://apps.apple.com/ec/app/reloj-flotante/id1546947240","true","PRICE","同区英文页唯一金额对应: https://apps.apple.com/ec/app/floating-clock/id1546947240?l=en-GB","UNKNOWN","","","","2026-09-16T02:24:04.136007Z","175","175"
"悬浮时钟-抢购秒杀助手","1546947240","Quarterly Membership","iap-fd5aab72702690a11683c9ca","斐济","fj","1.99","USD","USD 1.99","13.3541031142","1.99","6.71060458","2026-09-15","2026-09-16T02:25:09.500729Z","AVAILABLE","INFERRED","https://apps.apple.com/fj/app/floating-clock/id1546947240","true","PRICE","页面英文名称","UNKNOWN","","","","2026-09-16T02:24:04.136007Z","175","175"
"悬浮时钟-抢购秒杀助手","1546947240","Quarterly Membership","iap-fd5aab72702690a11683c9ca","密克罗尼西亚","fm","1.99","USD","USD 1.99","13.3541031142","1.99","6.71060458","2026-09-15","2026-09-16T02:25:13.750737Z","AVAILABLE","INFERRED","https://apps.apple.com/fm/app/floating-clock/id1546947240","true","PRICE","页面英文名称","UNKNOWN","","","","2026-09-16T02:24:04.136007Z","175","175"
"悬浮时钟-抢购秒杀助手","1546947240","Quarterly Membership","iap-fd5aab72702690a11683c9ca","加蓬","ga","1.99","USD","USD 1.99","13.3541031142","1.99","6.71060458","2026-09-15","2026-09-16T02:25:12.287745Z","AVAILABLE","INFERRED","https://apps.apple.com/ga/app/%E6%82%AC%E6%B5%AE%E6%97%B6%E9%92%9F-%E6%8A%A2%E8%B4%AD%E7%A7%92%E6%9D%80%E5%8A%A9%E6%89%8B/id1546947240","true","PRICE","同区英文页唯一金额对应: https://apps.apple.com/ga/app/floating-clock/id1546947240?l=en-GB","UNKNOWN","","","","2026-09-16T02:24:04.136007Z","175","175"
"悬浮时钟-抢购秒杀助手","1546947240","Quarterly Membership","iap-fd5aab72702690a11683c9ca","格林纳达","gd","1.99","USD","USD 1.99","13.3541031142","1.99","6.71060458","2026-09-15","2026-09-16T02:25:13.163373Z","AVAILABLE","INFERRED","https://apps.apple.com/gd/app/floating-clock/id1546947240","true","PRICE","页面英文名称","UNKNOWN","","","","2026-09-16T02:24:04.136007Z","175","175"
"悬浮时钟-抢购秒杀助手","1546947240","Quarterly Membership","iap-fd5aab72702690a11683c9ca","格鲁吉亚","ge","1.99","USD","USD 1.99","13.3541031142","1.99","6.71060458","2026-09-15","2026-09-16T02:25:19.634686Z","AVAILABLE","INFERRED","https://apps.apple.com/ge/app/floating-clock/id1546947240","true","PRICE","页面英文名称","UNKNOWN","","","","2026-09-16T02:24:04.136007Z","175","175"
"悬浮时钟-抢购秒杀助手","1546947240","Quarterly Membership","iap-fd5aab72702690a11683c9ca","加纳","gh","1.99","USD","USD 1.99","13.3541031142","1.99","6.71060458","2026-09-15","2026-09-16T02:25:18.080270Z","AVAILABLE","INFERRED","https://apps.apple.com/gh/app/floating-clock/id1546947240","true","PRICE","页面英文名称","UNKNOWN","","","","2026-09-16T02:24:04.136007Z","175","175"
"悬浮时钟-抢购秒杀助手","1546947240","Quarterly Membership","iap-fd5aab72702690a11683c9ca","冈比亚","gm","1.99","USD","USD 1.99","13.3541031142","1.99","6.71060458","2026-09-15","2026-09-16T02:25:20.496387Z","AVAILABLE","INFERRED","https://apps.apple.com/gm/app/floating-clock/id1546947240","true","PRICE","页面英文名称","UNKNOWN","","","","2026-09-16T02:24:04.136007Z","175","175"
"悬浮时钟-抢购秒杀助手","1546947240","Quarterly Membership","iap-fd5aab72702690a11683c9ca","危地马拉","gt","1.99","USD","USD 1.99","13.3541031142","1.99","6.71060458","2026-09-15","2026-09-16T02:25:20.742280Z","AVAILABLE","INFERRED","https://apps.apple.com/gt/app/reloj-flotante/id1546947240","true","PRICE","同区英文页唯一金额对应: https://apps.apple.com/gt/app/floating-clock/id1546947240?l=en-GB","UNKNOWN","","","","2026-09-16T02:24:04.136007Z","175","175"
"悬浮时钟-抢购秒杀助手","1546947240","Quarterly Membership","iap-fd5aab72702690a11683c9ca","几内亚比绍","gw","1.99","USD","USD 1.99","13.3541031142","1.99","6.71060458","2026-09-15","2026-09-16T02:25:25.332189Z","AVAILABLE","INFERRED","https://apps.apple.com/gw/app/floating-clock/id1546947240","true","PRICE","页面英文名称","UNKNOWN","","","","2026-09-16T02:24:04.136007Z","175","175"
"悬浮时钟-抢购秒杀助手","1546947240","Quarterly Membership","iap-fd5aab72702690a11683c9ca","圭亚那","gy","1.99","USD","USD 1.99","13.3541031142","1.99","6.71060458","2026-09-15","2026-09-16T02:25:18.131441Z","AVAILABLE","INFERRED","https://apps.apple.com/gy/app/floating-clock/id1546947240","true","PRICE","页面英文名称","UNKNOWN","","","","2026-09-16T02:24:04.136007Z","175","175"
"悬浮时钟-抢购秒杀助手","1546947240","Quarterly Membership","iap-fd5aab72702690a11683c9ca","洪都拉斯","hn","1.99","USD","USD 1.99","13.3541031142","1.99","6.71060458","2026-09-15","2026-09-16T02:25:19.539151Z","AVAILABLE","INFERRED","https://apps.apple.com/hn/app/reloj-flotante/id1546947240","true","PRICE","同区英文页唯一金额对应: https://apps.apple.com/hn/app/floating-clock/id1546947240?l=en-GB","UNKNOWN","","","","2026-09-16T02:24:04.136007Z","175","175"
"悬浮时钟-抢购秒杀助手","1546947240","Quarterly Membership","iap-fd5aab72702690a11683c9ca","伊拉克","iq","1.99","USD","$1.99","13.3541031142","1.99","6.71060458","2026-09-15","2026-09-16T02:25:24.059674Z","AVAILABLE","INFERRED","https://apps.apple.com/iq/app/floating-clock/id1546947240","true","PRICE","页面英文名称","UNKNOWN","","","","2026-09-16T02:24:04.136007Z","175","175"
"悬浮时钟-抢购秒杀助手","1546947240","Quarterly Membership","iap-fd5aab72702690a11683c9ca","冰岛","is","1.99","USD","USD 1.99","13.3541031142","1.99","6.71060458","2026-09-15","2026-09-16T02:25:26.257902Z","AVAILABLE","INFERRED","https://apps.apple.com/is/app/floating-clock/id1546947240","true","PRICE","页面英文名称","UNKNOWN","","","","2026-09-16T02:24:04.136007Z","175","175"
"悬浮时钟-抢购秒杀助手","1546947240","Quarterly Membership","iap-fd5aab72702690a11683c9ca","牙买加","jm","1.99","USD","USD 1.99","13.3541031142","1.99","6.71060458","2026-09-15","2026-09-16T02:25:26.861467Z","AVAILABLE","INFERRED","https://apps.apple.com/jm/app/floating-clock/id1546947240","true","PRICE","页面英文名称","UNKNOWN","","","","2026-09-16T02:24:04.136007Z","175","175"
"悬浮时钟-抢购秒杀助手","1546947240","Quarterly Membership","iap-fd5aab72702690a11683c9ca","约旦","jo","1.99","USD","$1.99","13.3541031142","1.99","6.71060458","2026-09-15","2026-09-16T02:25:34.618216Z","AVAILABLE","INFERRED","https://apps.apple.com/jo/app/floating-clock/id1546947240","true","PRICE","页面英文名称","UNKNOWN","","","","2026-09-16T02:24:04.136007Z","175","175"
"悬浮时钟-抢购秒杀助手","1546947240","Quarterly Membership","iap-fd5aab72702690a11683c9ca","肯尼亚","ke","1.99","USD","USD 1.99","13.3541031142","1.99","6.71060458","2026-09-15","2026-09-16T02:25:36.114139Z","AVAILABLE","INFERRED","https://apps.apple.com/ke/app/floating-clock/id1546947240","true","PRICE","页面英文名称","UNKNOWN","","","","2026-09-16T02:24:04.136007Z","175","175"
"悬浮时钟-抢购秒杀助手","1546947240","Quarterly Membership","iap-fd5aab72702690a11683c9ca","吉尔吉斯斯坦","kg","1.99","USD","USD 1.99","13.3541031142","1.99","6.71060458","2026-09-15","2026-09-16T02:25:28.740437Z","AVAILABLE","INFERRED","https://apps.apple.com/kg/app/floating-clock/id1546947240","true","PRICE","页面英文名称","UNKNOWN","","","","2026-09-16T02:24:04.136007Z","175","175"
"悬浮时钟-抢购秒杀助手","1546947240","Quarterly Membership","iap-fd5aab72702690a11683c9ca","柬埔寨","kh","1.99","USD","USD 1.99","13.3541031142","1.99","6.71060458","2026-09-15","2026-09-16T02:25:30.079506Z","AVAILABLE","INFERRED","https://apps.apple.com/kh/app/floating-clock/id1546947240","true","PRICE","页面英文名称","UNKNOWN","","","","2026-09-16T02:24:04.136007Z","175","175"
"悬浮时钟-抢购秒杀助手","1546947240","Quarterly Membership","iap-fd5aab72702690a11683c9ca","圣基茨和尼维斯","kn","1.99","USD","USD 1.99","13.3541031142","1.99","6.71060458","2026-09-15","2026-09-16T02:25:31.782741Z","AVAILABLE","INFERRED","https://apps.apple.com/kn/app/floating-clock/id1546947240","true","PRICE","页面英文名称","UNKNOWN","","","","2026-09-16T02:24:04.136007Z","175","175"
"悬浮时钟-抢购秒杀助手","1546947240","Quarterly Membership","iap-fd5aab72702690a11683c9ca","科威特","kw","1.99","USD","$1.99","13.3541031142","1.99","6.71060458","2026-09-15","2026-09-16T02:25:35.307458Z","AVAILABLE","INFERRED","https://apps.apple.com/kw/app/floating-clock/id1546947240","true","PRICE","页面英文名称","UNKNOWN","","","","2026-09-16T02:24:04.136007Z","175","175"
"悬浮时钟-抢购秒杀助手","1546947240","Quarterly Membership","iap-fd5aab72702690a11683c9ca","开曼群岛","ky","1.99","USD","USD 1.99","13.3541031142","1.99","6.71060458","2026-09-15","2026-09-16T02:25:34.548457Z","AVAILABLE","INFERRED","https://apps.apple.com/ky/app/floating-clock/id1546947240","true","PRICE","页面英文名称","UNKNOWN","","","","2026-09-16T02:24:04.136007Z","175","175"
"悬浮时钟-抢购秒杀助手","1546947240","Quarterly Membership","iap-fd5aab72702690a11683c9ca","老挝","la","1.99","USD","USD 1.99","13.3541031142","1.99","6.71060458","2026-09-15","2026-09-16T02:25:31.923284Z","AVAILABLE","INFERRED","https://apps.apple.com/la/app/floating-clock/id1546947240","true","PRICE","页面英文名称","UNKNOWN","","","","2026-09-16T02:24:04.136007Z","175","175"
"悬浮时钟-抢购秒杀助手","1546947240","Quarterly Membership","iap-fd5aab72702690a11683c9ca","黎巴嫩","lb","1.99","USD","$1.99","13.3541031142","1.99","6.71060458","2026-09-15","2026-09-16T02:25:33.639299Z","AVAILABLE","INFERRED","https://apps.apple.com/lb/app/floating-clock/id1546947240","true","PRICE","页面英文名称","UNKNOWN","","","","2026-09-16T02:24:04.136007Z","175","175"
"悬浮时钟-抢购秒杀助手","1546947240","Quarterly Membership","iap-fd5aab72702690a11683c9ca","圣卢西亚","lc","1.99","USD","USD 1.99","13.3541031142","1.99","6.71060458","2026-09-15","2026-09-16T02:25:36.006540Z","AVAILABLE","INFERRED","https://apps.apple.com/lc/app/floating-clock/id1546947240","true","PRICE","页面英文名称","UNKNOWN","","","","2026-09-16T02:24:04.136007Z","175","175"
"悬浮时钟-抢购秒杀助手","1546947240","Quarterly Membership","iap-fd5aab72702690a11683c9ca","斯里兰卡","lk","1.99","USD","USD 1.99","13.3541031142","1.99","6.71060458","2026-09-15","2026-09-16T02:25:34.990683Z","AVAILABLE","INFERRED","https://apps.apple.com/lk/app/floating-clock/id1546947240","true","PRICE","页面英文名称","UNKNOWN","","","","2026-09-16T02:24:04.136007Z","175","175"
"悬浮时钟-抢购秒杀助手","1546947240","Quarterly Membership","iap-fd5aab72702690a11683c9ca","利比里亚","lr","1.99","USD","USD 1.99","13.3541031142","1.99","6.71060458","2026-09-15","2026-09-16T02:25:35.893427Z","AVAILABLE","INFERRED","https://apps.apple.com/lr/app/floating-clock/id1546947240","true","PRICE","页面英文名称","UNKNOWN","","","","2026-09-16T02:24:04.136007Z","175","175"
"悬浮时钟-抢购秒杀助手","1546947240","Quarterly Membership","iap-fd5aab72702690a11683c9ca","利比亚","ly","1.99","USD","$1.99","13.3541031142","1.99","6.71060458","2026-09-15","2026-09-16T02:25:42.079405Z","AVAILABLE","INFERRED","https://apps.apple.com/ly/app/floating-clock/id1546947240","true","PRICE","页面英文名称","UNKNOWN","","","","2026-09-16T02:24:04.136007Z","175","175"
"悬浮时钟-抢购秒杀助手","1546947240","Quarterly Membership","iap-fd5aab72702690a11683c9ca","摩洛哥","ma","1.99","USD","$1.99","13.3541031142","1.99","6.71060458","2026-09-15","2026-09-16T02:25:41.250770Z","AVAILABLE","INFERRED","https://apps.apple.com/ma/app/floating-clock/id1546947240","true","PRICE","页面英文名称","UNKNOWN","","","","2026-09-16T02:24:04.136007Z","175","175"
"悬浮时钟-抢购秒杀助手","1546947240","Quarterly Membership","iap-fd5aab72702690a11683c9ca","摩尔多瓦","md","1.99","USD","USD 1.99","13.3541031142","1.99","6.71060458","2026-09-15","2026-09-16T02:25:38.587929Z","AVAILABLE","INFERRED","https://apps.apple.com/md/app/floating-clock/id1546947240","true","PRICE","页面英文名称","UNKNOWN","","","","2026-09-16T02:24:04.136007Z","175","175"
"悬浮时钟-抢购秒杀助手","1546947240","Quarterly Membership","iap-fd5aab72702690a11683c9ca","马达加斯加","mg","1.99","USD","USD 1.99","13.3541031142","1.99","6.71060458","2026-09-15","2026-09-16T02:25:45.731704Z","AVAILABLE","INFERRED","https://apps.apple.com/mg/app/floating-clock/id1546947240","true","PRICE","页面英文名称","UNKNOWN","","","","2026-09-16T02:24:04.136007Z","175","175"
"悬浮时钟-抢购秒杀助手","1546947240","Quarterly Membership","iap-fd5aab72702690a11683c9ca","北马其顿","mk","1.99","USD","USD 1.99","13.3541031142","1.99","6.71060458","2026-09-15","2026-09-16T02:25:40.501558Z","AVAILABLE","INFERRED","https://apps.apple.com/mk/app/floating-clock/id1546947240","true","PRICE","页面英文名称","UNKNOWN","","","","2026-09-16T02:24:04.136007Z","175","175"
"悬浮时钟-抢购秒杀助手","1546947240","Quarterly Membership","iap-fd5aab72702690a11683c9ca","马里","ml","1.99","USD","USD 1.99","13.3541031142","1.99","6.71060458","2026-09-15","2026-09-16T02:25:42.112590Z","AVAILABLE","INFERRED","https://apps.apple.com/ml/app/floating-clock/id1546947240","true","PRICE","页面英文名称","UNKNOWN","","","","2026-09-16T02:24:04.136007Z","175","175"
"悬浮时钟-抢购秒杀助手","1546947240","Quarterly Membership","iap-fd5aab72702690a11683c9ca","缅甸","mm","1.99","USD","USD 1.99","13.3541031142","1.99","6.71060458","2026-09-15","2026-09-16T02:25:44.485937Z","AVAILABLE","INFERRED","https://apps.apple.com/mm/app/floating-clock/id1546947240","true","PRICE","页面英文名称","UNKNOWN","","","","2026-09-16T02:24:04.136007Z","175","175"
"悬浮时钟-抢购秒杀助手","1546947240","Quarterly Membership","iap-fd5aab72702690a11683c9ca","蒙古","mn","1.99","USD","USD 1.99","13.3541031142","1.99","6.71060458","2026-09-15","2026-09-16T02:25:45.872907Z","AVAILABLE","INFERRED","https://apps.apple.com/mn/app/floating-clock/id1546947240","true","PRICE","页面英文名称","UNKNOWN","","","","2026-09-16T02:24:04.136007Z","175","175"
"悬浮时钟-抢购秒杀助手","1546947240","Quarterly Membership","iap-fd5aab72702690a11683c9ca","澳门","mo","1.99","USD","USD 1.99","13.3541031142","1.99","6.71060458","2026-09-15","2026-09-16T02:25:48.784869Z","AVAILABLE","INFERRED","https://apps.apple.com/mo/app/%E6%87%B8%E6%B5%AE%E6%99%82%E9%90%98/id1546947240","true","PRICE","同区英文页唯一金额对应: https://apps.apple.com/mo/app/floating-clock/id1546947240?l=en-GB","UNKNOWN","","","","2026-09-16T02:24:04.136007Z","175","175"
"悬浮时钟-抢购秒杀助手","1546947240","Quarterly Membership","iap-fd5aab72702690a11683c9ca","毛里塔尼亚","mr","1.99","USD","$1.99","13.3541031142","1.99","6.71060458","2026-09-15","2026-09-16T02:25:48.882788Z","AVAILABLE","INFERRED","https://apps.apple.com/mr/app/floating-clock/id1546947240","true","PRICE","页面英文名称","UNKNOWN","","","","2026-09-16T02:24:04.136007Z","175","175"
"悬浮时钟-抢购秒杀助手","1546947240","Quarterly Membership","iap-fd5aab72702690a11683c9ca","蒙特塞拉特","ms","1.99","USD","USD 1.99","13.3541031142","1.99","6.71060458","2026-09-15","2026-09-16T02:25:47.017392Z","AVAILABLE","INFERRED","https://apps.apple.com/ms/app/floating-clock/id1546947240","true","PRICE","页面英文名称","UNKNOWN","","","","2026-09-16T02:24:04.136007Z","175","175"
"悬浮时钟-抢购秒杀助手","1546947240","Quarterly Membership","iap-fd5aab72702690a11683c9ca","毛里求斯","mu","1.99","USD","USD 1.99","13.3541031142","1.99","6.71060458","2026-09-15","2026-09-16T02:25:44.752207Z","AVAILABLE","INFERRED","https://apps.apple.com/mu/app/floating-clock/id1546947240","true","PRICE","页面英文名称","UNKNOWN","","","","2026-09-16T02:24:04.136007Z","175","175"
"悬浮时钟-抢购秒杀助手","1546947240","Quarterly Membership","iap-fd5aab72702690a11683c9ca","马尔代夫","mv","1.99","USD","USD 1.99","13.3541031142","1.99","6.71060458","2026-09-15","2026-09-16T02:25:47.224637Z","AVAILABLE","INFERRED","https://apps.apple.com/mv/app/floating-clock/id1546947240","true","PRICE","页面英文名称","UNKNOWN","","","","2026-09-16T02:24:04.136007Z","175","175"
"悬浮时钟-抢购秒杀助手","1546947240","Quarterly Membership","iap-fd5aab72702690a11683c9ca","马拉维","mw","1.99","USD","USD 1.99","13.3541031142","1.99","6.71060458","2026-09-15","2026-09-16T02:25:48.014422Z","AVAILABLE","INFERRED","https://apps.apple.com/mw/app/floating-clock/id1546947240","true","PRICE","页面英文名称","UNKNOWN","","","","2026-09-16T02:24:04.136007Z","175","175"
"悬浮时钟-抢购秒杀助手","1546947240","Quarterly Membership","iap-fd5aab72702690a11683c9ca","莫桑比克","mz","1.99","USD","USD 1.99","13.3541031142","1.99","6.71060458","2026-09-15","2026-09-16T02:25:53.664322Z","AVAILABLE","INFERRED","https://apps.apple.com/mz/app/floating-clock/id1546947240","true","PRICE","页面英文名称","UNKNOWN","","","","2026-09-16T02:24:04.136007Z","175","175"
"悬浮时钟-抢购秒杀助手","1546947240","Quarterly Membership","iap-fd5aab72702690a11683c9ca","纳米比亚","na","1.99","USD","USD 1.99","13.3541031142","1.99","6.71060458","2026-09-15","2026-09-16T02:25:50.496171Z","AVAILABLE","INFERRED","https://apps.apple.com/na/app/floating-clock/id1546947240","true","PRICE","页面英文名称","UNKNOWN","","","","2026-09-16T02:24:04.136007Z","175","175"
"悬浮时钟-抢购秒杀助手","1546947240","Quarterly Membership","iap-fd5aab72702690a11683c9ca","尼日尔","ne","1.99","USD","USD 1.99","13.3541031142","1.99","6.71060458","2026-09-15","2026-09-16T02:25:51.018293Z","AVAILABLE","INFERRED","https://apps.apple.com/ne/app/floating-clock/id1546947240","true","PRICE","页面英文名称","UNKNOWN","","","","2026-09-16T02:24:04.136007Z","175","175"
"悬浮时钟-抢购秒杀助手","1546947240","Quarterly Membership","iap-fd5aab72702690a11683c9ca","尼加拉瓜","ni","1.99","USD","USD 1.99","13.3541031142","1.99","6.71060458","2026-09-15","2026-09-16T02:25:55.564573Z","AVAILABLE","INFERRED","https://apps.apple.com/ni/app/reloj-flotante/id1546947240","true","PRICE","同区英文页唯一金额对应: https://apps.apple.com/ni/app/floating-clock/id1546947240?l=en-GB","UNKNOWN","","","","2026-09-16T02:24:04.136007Z","175","175"
"悬浮时钟-抢购秒杀助手","1546947240","Quarterly Membership","iap-fd5aab72702690a11683c9ca","尼泊尔","np","1.99","USD","USD 1.99","13.3541031142","1.99","6.71060458","2026-09-15","2026-09-16T02:25:56.864115Z","AVAILABLE","INFERRED","https://apps.apple.com/np/app/floating-clock/id1546947240","true","PRICE","页面英文名称","UNKNOWN","","","","2026-09-16T02:24:04.136007Z","175","175"
"悬浮时钟-抢购秒杀助手","1546947240","Quarterly Membership","iap-fd5aab72702690a11683c9ca","瑙鲁","nr","1.99","USD","USD 1.99","13.3541031142","1.99","6.71060458","2026-09-15","2026-09-16T02:25:58.026239Z","AVAILABLE","INFERRED","https://apps.apple.com/nr/app/floating-clock/id1546947240","true","PRICE","页面英文名称","UNKNOWN","","","","2026-09-16T02:24:04.136007Z","175","175"
"悬浮时钟-抢购秒杀助手","1546947240","Quarterly Membership","iap-fd5aab72702690a11683c9ca","阿曼","om","1.99","USD","$1.99","13.3541031142","1.99","6.71060458","2026-09-15","2026-09-16T02:25:57.443810Z","AVAILABLE","INFERRED","https://apps.apple.com/om/app/floating-clock/id1546947240","true","PRICE","页面英文名称","UNKNOWN","","","","2026-09-16T02:24:04.136007Z","175","175"
"悬浮时钟-抢购秒杀助手","1546947240","Quarterly Membership","iap-fd5aab72702690a11683c9ca","巴拿马","pa","1.99","USD","USD 1.99","13.3541031142","1.99","6.71060458","2026-09-15","2026-09-16T02:26:01.555610Z","AVAILABLE","INFERRED","https://apps.apple.com/pa/app/reloj-flotante/id1546947240","true","PRICE","同区英文页唯一金额对应: https://apps.apple.com/pa/app/floating-clock/id1546947240?l=en-GB","UNKNOWN","","","","2026-09-16T02:24:04.136007Z","175","175"
"悬浮时钟-抢购秒杀助手","1546947240","Quarterly Membership","iap-fd5aab72702690a11683c9ca","巴布亚新几内亚","pg","1.99","USD","USD 1.99","13.3541031142","1.99","6.71060458","2026-09-15","2026-09-16T02:26:01.454947Z","AVAILABLE","INFERRED","https://apps.apple.com/pg/app/floating-clock/id1546947240","true","PRICE","页面英文名称","UNKNOWN","","","","2026-09-16T02:24:04.136007Z","175","175"
"悬浮时钟-抢购秒杀助手","1546947240","Quarterly Membership","iap-fd5aab72702690a11683c9ca","帕劳","pw","1.99","USD","USD 1.99","13.3541031142","1.99","6.71060458","2026-09-15","2026-09-16T02:26:06.550942Z","AVAILABLE","INFERRED","https://apps.apple.com/pw/app/floating-clock/id1546947240","true","PRICE","页面英文名称","UNKNOWN","","","","2026-09-16T02:24:04.136007Z","175","175"
"悬浮时钟-抢购秒杀助手","1546947240","Quarterly Membership","iap-fd5aab72702690a11683c9ca","巴拉圭","py","1.99","USD","USD 1.99","13.3541031142","1.99","6.71060458","2026-09-15","2026-09-16T02:26:04.319020Z","AVAILABLE","INFERRED","https://apps.apple.com/py/app/reloj-flotante/id1546947240","true","PRICE","同区英文页唯一金额对应: https://apps.apple.com/py/app/floating-clock/id1546947240?l=en-GB","UNKNOWN","","","","2026-09-16T02:24:04.136007Z","175","175"
"悬浮时钟-抢购秒杀助手","1546947240","Quarterly Membership","iap-fd5aab72702690a11683c9ca","卢旺达","rw","1.99","USD","USD 1.99","13.3541031142","1.99","6.71060458","2026-09-15","2026-09-16T02:26:09.353170Z","AVAILABLE","INFERRED","https://apps.apple.com/rw/app/floating-clock/id1546947240","true","PRICE","页面英文名称","UNKNOWN","","","","2026-09-16T02:24:04.136007Z","175","175"
"悬浮时钟-抢购秒杀助手","1546947240","Quarterly Membership","iap-fd5aab72702690a11683c9ca","所罗门群岛","sb","1.99","USD","USD 1.99","13.3541031142","1.99","6.71060458","2026-09-15","2026-09-16T02:26:07.708937Z","AVAILABLE","INFERRED","https://apps.apple.com/sb/app/floating-clock/id1546947240","true","PRICE","页面英文名称","UNKNOWN","","","","2026-09-16T02:24:04.136007Z","175","175"
"悬浮时钟-抢购秒杀助手","1546947240","Quarterly Membership","iap-fd5aab72702690a11683c9ca","塞舌尔","sc","1.99","USD","USD 1.99","13.3541031142","1.99","6.71060458","2026-09-15","2026-09-16T02:26:13.432772Z","AVAILABLE","INFERRED","https://apps.apple.com/sc/app/floating-clock/id1546947240","true","PRICE","页面英文名称","UNKNOWN","","","","2026-09-16T02:24:04.136007Z","175","175"
"悬浮时钟-抢购秒杀助手","1546947240","Quarterly Membership","iap-fd5aab72702690a11683c9ca","塞拉利昂","sl","1.99","USD","USD 1.99","13.3541031142","1.99","6.71060458","2026-09-15","2026-09-16T02:26:16.441845Z","AVAILABLE","INFERRED","https://apps.apple.com/sl/app/floating-clock/id1546947240","true","PRICE","页面英文名称","UNKNOWN","","","","2026-09-16T02:24:04.136007Z","175","175"
"悬浮时钟-抢购秒杀助手","1546947240","Quarterly Membership","iap-fd5aab72702690a11683c9ca","塞内加尔","sn","1.99","USD","USD 1.99","13.3541031142","1.99","6.71060458","2026-09-15","2026-09-16T02:26:14.467059Z","AVAILABLE","INFERRED","https://apps.apple.com/sn/app/floating-clock/id1546947240","true","PRICE","页面英文名称","UNKNOWN","","","","2026-09-16T02:24:04.136007Z","175","175"
"悬浮时钟-抢购秒杀助手","1546947240","Quarterly Membership","iap-fd5aab72702690a11683c9ca","苏里南","sr","1.99","USD","USD 1.99","13.3541031142","1.99","6.71060458","2026-09-15","2026-09-16T02:26:15.069287Z","AVAILABLE","INFERRED","https://apps.apple.com/sr/app/floating-clock/id1546947240","true","PRICE","页面英文名称","UNKNOWN","","","","2026-09-16T02:24:04.136007Z","175","175"
"悬浮时钟-抢购秒杀助手","1546947240","Quarterly Membership","iap-fd5aab72702690a11683c9ca","圣多美和普林西比","st","1.99","USD","USD 1.99","13.3541031142","1.99","6.71060458","2026-09-15","2026-09-16T02:26:15.757683Z","AVAILABLE","INFERRED","https://apps.apple.com/st/app/floating-clock/id1546947240","true","PRICE","页面英文名称","UNKNOWN","","","","2026-09-16T02:24:04.136007Z","175","175"
"悬浮时钟-抢购秒杀助手","1546947240","Quarterly Membership","iap-fd5aab72702690a11683c9ca","萨尔瓦多","sv","1.99","USD","USD 1.99","13.3541031142","1.99","6.71060458","2026-09-15","2026-09-16T02:26:13.759110Z","AVAILABLE","INFERRED","https://apps.apple.com/sv/app/reloj-flotante/id1546947240","true","PRICE","同区英文页唯一金额对应: https://apps.apple.com/sv/app/floating-clock/id1546947240?l=en-GB","UNKNOWN","","","","2026-09-16T02:24:04.136007Z","175","175"
"悬浮时钟-抢购秒杀助手","1546947240","Quarterly Membership","iap-fd5aab72702690a11683c9ca","斯威士兰","sz","1.99","USD","USD 1.99","13.3541031142","1.99","6.71060458","2026-09-15","2026-09-16T02:26:13.936690Z","AVAILABLE","INFERRED","https://apps.apple.com/sz/app/floating-clock/id1546947240","true","PRICE","页面英文名称","UNKNOWN","","","","2026-09-16T02:24:04.136007Z","175","175"
"悬浮时钟-抢购秒杀助手","1546947240","Quarterly Membership","iap-fd5aab72702690a11683c9ca","特克斯和凯科斯群岛","tc","1.99","USD","USD 1.99","13.3541031142","1.99","6.71060458","2026-09-15","2026-09-16T02:26:22.337927Z","AVAILABLE","INFERRED","https://apps.apple.com/tc/app/floating-clock/id1546947240","true","PRICE","页面英文名称","UNKNOWN","","","","2026-09-16T02:24:04.136007Z","175","175"
"悬浮时钟-抢购秒杀助手","1546947240","Quarterly Membership","iap-fd5aab72702690a11683c9ca","乍得","td","1.99","USD","USD 1.99","13.3541031142","1.99","6.71060458","2026-09-15","2026-09-16T02:26:19.217530Z","AVAILABLE","INFERRED","https://apps.apple.com/td/app/floating-clock/id1546947240","true","PRICE","页面英文名称","UNKNOWN","","","","2026-09-16T02:24:04.136007Z","175","175"
"悬浮时钟-抢购秒杀助手","1546947240","Quarterly Membership","iap-fd5aab72702690a11683c9ca","塔吉克斯坦","tj","1.99","USD","USD 1.99","13.3541031142","1.99","6.71060458","2026-09-15","2026-09-16T02:26:24.684911Z","AVAILABLE","INFERRED","https://apps.apple.com/tj/app/floating-clock/id1546947240","true","PRICE","页面英文名称","UNKNOWN","","","","2026-09-16T02:24:04.136007Z","175","175"
"悬浮时钟-抢购秒杀助手","1546947240","Quarterly Membership","iap-fd5aab72702690a11683c9ca","土库曼斯坦","tm","1.99","USD","USD 1.99","13.3541031142","1.99","6.71060458","2026-09-15","2026-09-16T02:26:24.210773Z","AVAILABLE","INFERRED","https://apps.apple.com/tm/app/floating-clock/id1546947240","true","PRICE","页面英文名称","UNKNOWN","","","","2026-09-16T02:24:04.136007Z","175","175"
"悬浮时钟-抢购秒杀助手","1546947240","Quarterly Membership","iap-fd5aab72702690a11683c9ca","突尼斯","tn","1.99","USD","$1.99","13.3541031142","1.99","6.71060458","2026-09-15","2026-09-16T02:26:26.646303Z","AVAILABLE","INFERRED","https://apps.apple.com/tn/app/floating-clock/id1546947240","true","PRICE","页面英文名称","UNKNOWN","","","","2026-09-16T02:24:04.136007Z","175","175"
"悬浮时钟-抢购秒杀助手","1546947240","Quarterly Membership","iap-fd5aab72702690a11683c9ca","汤加","to","1.99","USD","USD 1.99","13.3541031142","1.99","6.71060458","2026-09-15","2026-09-16T02:26:25.043200Z","AVAILABLE","INFERRED","https://apps.apple.com/to/app/floating-clock/id1546947240","true","PRICE","页面英文名称","UNKNOWN","","","","2026-09-16T02:24:04.136007Z","175","175"
"悬浮时钟-抢购秒杀助手","1546947240","Quarterly Membership","iap-fd5aab72702690a11683c9ca","特立尼达和多巴哥","tt","1.99","USD","USD 1.99","13.3541031142","1.99","6.71060458","2026-09-15","2026-09-16T02:26:25.685821Z","AVAILABLE","INFERRED","https://apps.apple.com/tt/app/floating-clock/id1546947240","true","PRICE","页面英文名称","UNKNOWN","","","","2026-09-16T02:24:04.136007Z","175","175"
"悬浮时钟-抢购秒杀助手","1546947240","Quarterly Membership","iap-fd5aab72702690a11683c9ca","乌克兰","ua","1.99","USD","1,99 USD","13.3541031142","1.99","6.71060458","2026-09-15","2026-09-16T02:26:31.080840Z","AVAILABLE","INFERRED","https://apps.apple.com/ua/app/floating-clock/id1546947240","true","PRICE","页面英文名称","UNKNOWN","","","","2026-09-16T02:24:04.136007Z","175","175"
"悬浮时钟-抢购秒杀助手","1546947240","Quarterly Membership","iap-fd5aab72702690a11683c9ca","乌干达","ug","1.99","USD","USD 1.99","13.3541031142","1.99","6.71060458","2026-09-15","2026-09-16T02:26:31.035140Z","AVAILABLE","INFERRED","https://apps.apple.com/ug/app/floating-clock/id1546947240","true","PRICE","页面英文名称","UNKNOWN","","","","2026-09-16T02:24:04.136007Z","175","175"
"悬浮时钟-抢购秒杀助手","1546947240","Quarterly Membership","iap-fd5aab72702690a11683c9ca","美国","us","1.99","USD","$1.99","13.3541031142","1.99","6.71060458","2026-09-15","2026-09-16T02:24:19.475026Z","AVAILABLE","INFERRED","https://apps.apple.com/us/app/floating-clock/id1546947240","true","PRICE","页面英文名称","UNKNOWN","","","","2026-09-16T02:24:04.136007Z","175","175"
"悬浮时钟-抢购秒杀助手","1546947240","Quarterly Membership","iap-fd5aab72702690a11683c9ca","乌拉圭","uy","1.99","USD","USD 1.99","13.3541031142","1.99","6.71060458","2026-09-15","2026-09-16T02:26:30.858406Z","AVAILABLE","INFERRED","https://apps.apple.com/uy/app/floating-clock/id1546947240","true","PRICE","页面英文名称","UNKNOWN","","","","2026-09-16T02:24:04.136007Z","175","175"
"悬浮时钟-抢购秒杀助手","1546947240","Quarterly Membership","iap-fd5aab72702690a11683c9ca","乌兹别克斯坦","uz","1.99","USD","USD 1.99","13.3541031142","1.99","6.71060458","2026-09-15","2026-09-16T02:26:31.644067Z","AVAILABLE","INFERRED","https://apps.apple.com/uz/app/floating-clock/id1546947240","true","PRICE","页面英文名称","UNKNOWN","","","","2026-09-16T02:24:04.136007Z","175","175"
"悬浮时钟-抢购秒杀助手","1546947240","Quarterly Membership","iap-fd5aab72702690a11683c9ca","圣文森特和格林纳丁斯","vc","1.99","USD","USD 1.99","13.3541031142","1.99","6.71060458","2026-09-15","2026-09-16T02:26:29.377095Z","AVAILABLE","INFERRED","https://apps.apple.com/vc/app/floating-clock/id1546947240","true","PRICE","页面英文名称","UNKNOWN","","","","2026-09-16T02:24:04.136007Z","175","175"
"悬浮时钟-抢购秒杀助手","1546947240","Quarterly Membership","iap-fd5aab72702690a11683c9ca","委内瑞拉","ve","1.99","USD","USD 1.99","13.3541031142","1.99","6.71060458","2026-09-15","2026-09-16T02:26:30.852690Z","AVAILABLE","INFERRED","https://apps.apple.com/ve/app/reloj-flotante/id1546947240","true","PRICE","同区英文页唯一金额对应: https://apps.apple.com/ve/app/floating-clock/id1546947240?l=en-GB","UNKNOWN","","","","2026-09-16T02:24:04.136007Z","175","175"
"悬浮时钟-抢购秒杀助手","1546947240","Quarterly Membership","iap-fd5aab72702690a11683c9ca","英属维尔京群岛","vg","1.99","USD","USD 1.99","13.3541031142","1.99","6.71060458","2026-09-15","2026-09-16T02:26:37.293346Z","AVAILABLE","INFERRED","https://apps.apple.com/vg/app/floating-clock/id1546947240","true","PRICE","页面英文名称","UNKNOWN","","","","2026-09-16T02:24:04.136007Z","175","175"
"悬浮时钟-抢购秒杀助手","1546947240","Quarterly Membership","iap-fd5aab72702690a11683c9ca","瓦努阿图","vu","1.99","USD","USD 1.99","13.3541031142","1.99","6.71060458","2026-09-15","2026-09-16T02:26:37.377542Z","AVAILABLE","INFERRED","https://apps.apple.com/vu/app/floating-clock/id1546947240","true","PRICE","页面英文名称","UNKNOWN","","","","2026-09-16T02:24:04.136007Z","175","175"
"悬浮时钟-抢购秒杀助手","1546947240","Quarterly Membership","iap-fd5aab72702690a11683c9ca","也门","ye","1.99","USD","$1.99","13.3541031142","1.99","6.71060458","2026-09-15","2026-09-16T02:26:37.355482Z","AVAILABLE","INFERRED","https://apps.apple.com/ye/app/floating-clock/id1546947240","true","PRICE","页面英文名称","UNKNOWN","","","","2026-09-16T02:24:04.136007Z","175","175"
"悬浮时钟-抢购秒杀助手","1546947240","Quarterly Membership","iap-fd5aab72702690a11683c9ca","赞比亚","zm","1.99","USD","USD 1.99","13.3541031142","1.99","6.71060458","2026-09-15","2026-09-16T02:26:37.739552Z","AVAILABLE","INFERRED","https://apps.apple.com/zm/app/floating-clock/id1546947240","true","PRICE","页面英文名称","UNKNOWN","","","","2026-09-16T02:24:04.136007Z","175","175"
"悬浮时钟-抢购秒杀助手","1546947240","Quarterly Membership","iap-fd5aab72702690a11683c9ca","津巴布韦","zw","1.99","USD","USD 1.99","13.3541031142","1.99","6.71060458","2026-09-15","2026-09-16T02:26:37.260240Z","AVAILABLE","INFERRED","https://apps.apple.com/zw/app/floating-clock/id1546947240","true","PRICE","页面英文名称","UNKNOWN","","","","2026-09-16T02:24:04.136007Z","175","175"
"悬浮时钟-抢购秒杀助手","1546947240","Quarterly Membership","iap-fd5aab72702690a11683c9ca","菲律宾","ph","129","PHP","₱ 129.00","13.763928292107927","2.05107127502779","0.1066971185434723","2026-09-15","2026-09-16T02:26:00.495726Z","AVAILABLE","INFERRED","https://apps.apple.com/ph/app/floating-clock/id1546947240","true","PRICE","页面英文名称","UNKNOWN","","","","2026-09-16T02:24:04.136007Z","175","175"
"悬浮时钟-抢购秒杀助手","1546947240","Quarterly Membership","iap-fd5aab72702690a11683c9ca","土耳其","tr","99.99","TRY","₺99,99","13.797103803320134","2.0560150190402267","0.13798483651685303","2026-09-15","2026-09-16T02:24:18.733988Z","AVAILABLE","INFERRED","https://apps.apple.com/tr/app/floating-clock/id1546947240","true","PRICE","页面英文名称","UNKNOWN","","","","2026-09-16T02:24:04.136007Z","175","175"
"悬浮时钟-抢购秒杀助手","1546947240","Quarterly Membership","iap-fd5aab72702690a11683c9ca","印度","in","199","INR","₹ 199","13.934038526419807","2.0764207397867285","0.0700202941026121","2026-09-15","2026-09-16T02:24:16.746402Z","AVAILABLE","INFERRED","https://apps.apple.com/in/app/floating-clock/id1546947240","true","PRICE","页面英文名称","UNKNOWN","","","","2026-09-16T02:24:04.136007Z","175","175"
"悬浮时钟-抢购秒杀助手","1546947240","Quarterly Membership","iap-fd5aab72702690a11683c9ca","智利","cl","1990","CLP","$1.990","13.978811793866548","2.083092756728418","0.007024528539631431","2026-09-15","2026-09-16T02:24:53.252749Z","AVAILABLE","INFERRED","https://apps.apple.com/cl/app/reloj-flotante/id1546947240","true","PRICE","同区英文页唯一金额对应: https://apps.apple.com/cl/app/floating-clock/id1546947240?l=en-GB","UNKNOWN","","","","2026-09-16T02:24:04.136007Z","175","175"
"悬浮时钟-抢购秒杀助手","1546947240","Quarterly Membership","iap-fd5aab72702690a11683c9ca","澳大利亚","au","2.99","AUD","$2.99","14.285541770386384","2.1288010044523267","4.777773167353306","2026-09-15","2026-09-16T02:24:19.592919Z","AVAILABLE","INFERRED","https://apps.apple.com/au/app/floating-clock/id1546947240","true","PRICE","页面英文名称","UNKNOWN","","","","2026-09-16T02:24:04.136007Z","175","175"
"悬浮时钟-抢购秒杀助手","1546947240","Quarterly Membership","iap-fd5aab72702690a11683c9ca","加拿大","ca","2.99","CAD","$2.99","14.419846515548018","2.148814811488717","4.822691142323753","2026-09-15","2026-09-16T02:24:18.105753Z","AVAILABLE","INFERRED","https://apps.apple.com/ca/app/floating-clock/id1546947240","true","PRICE","页面英文名称","UNKNOWN","","","","2026-09-16T02:24:04.136007Z","175","175"
"悬浮时钟-抢购秒杀助手","1546947240","Quarterly Membership","iap-fd5aab72702690a11683c9ca","阿拉伯联合酋长国","ae","7.99","AED","AED 7.99","14.599790495357386","2.175629680054459","1.8272578842750171","2026-09-15","2026-09-16T02:24:33.178590Z","AVAILABLE","INFERRED","https://apps.apple.com/ae/app/floating-clock/id1546947240","true","PRICE","页面英文名称","UNKNOWN","","","","2026-09-16T02:24:04.136007Z","175","175"
"悬浮时钟-抢购秒杀助手","1546947240","Quarterly Membership","iap-fd5aab72702690a11683c9ca","罗马尼亚","ro","9.99","RON","9,99 lei","14.708645537452414","2.1918510265512343","1.4723368906358774","2026-09-15","2026-09-16T02:26:05.588087Z","AVAILABLE","INFERRED","https://apps.apple.com/ro/app/floating-clock/id1546947240","true","PRICE","页面英文名称","UNKNOWN","","","","2026-09-16T02:24:04.136007Z","175","175"
"悬浮时钟-抢购秒杀助手","1546947240","Quarterly Membership","iap-fd5aab72702690a11683c9ca","卡塔尔","qa","7.99","QAR","QAR 7.99","14.730145767637362","2.1950549450549453","1.8435726868131868","2026-09-15","2026-09-16T02:26:06.861382Z","AVAILABLE","INFERRED","https://apps.apple.com/qa/app/floating-clock/id1546947240","true","PRICE","页面英文名称","UNKNOWN","","","","2026-09-16T02:24:04.136007Z","175","175"
"悬浮时钟-抢购秒杀助手","1546947240","Quarterly Membership","iap-fd5aab72702690a11683c9ca","哈萨克斯坦","kz","999","KZT","999.00₸","14.89619094206428","2.2197986432489634","0.01491110204410839","2026-09-15","2026-09-16T02:25:31.158420Z","AVAILABLE","INFERRED","https://apps.apple.com/kz/app/floating-clock/id1546947240","true","PRICE","页面英文名称","UNKNOWN","","","","2026-09-16T02:24:04.136007Z","175","175"
"悬浮时钟-抢购秒杀助手","1546947240","Quarterly Membership","iap-fd5aab72702690a11683c9ca","坦桑尼亚","tz","5900","TZS","5,900.00 TZS","14.97424870976273","2.231430645517595","0.002538008255891988","2026-09-15","2026-09-16T02:26:31.146099Z","AVAILABLE","INFERRED","https://apps.apple.com/tz/app/floating-clock/id1546947240","true","PRICE","页面英文名称","UNKNOWN","","","","2026-09-16T02:24:04.136007Z","175","175"
"悬浮时钟-抢购秒杀助手","1546947240","Quarterly Membership","iap-fd5aab72702690a11683c9ca","越南","vn","59000","VND","59.000đ","15.210159134876633","2.266585514546386","0.0002577993073707904","2026-09-15","2026-09-16T02:26:33.133306Z","AVAILABLE","INFERRED","https://apps.apple.com/vn/app/floating-clock/id1546947240","true","PRICE","页面英文名称","UNKNOWN","","","","2026-09-16T02:24:04.136007Z","175","175"
"悬浮时钟-抢购秒杀助手","1546947240","Quarterly Membership","iap-fd5aab72702690a11683c9ca","墨西哥","mx","39","MXN","$39.00","15.258959855946708","2.273857694047994","0.3912553809217104","2026-09-15","2026-09-16T02:25:55.559552Z","AVAILABLE","INFERRED","https://apps.apple.com/mx/app/reloj-flotante/id1546947240","true","PRICE","同区英文页唯一金额对应: https://apps.apple.com/mx/app/floating-clock/id1546947240?l=en-GB","UNKNOWN","","","","2026-09-16T02:24:04.136007Z","175","175"
"悬浮时钟-抢购秒杀助手","1546947240","Quarterly Membership","iap-fd5aab72702690a11683c9ca","香港","hk","18","HKD","HK$ 18.00","15.39955855312287","2.2948094124066047","0.8555310307290483","2026-09-15","2026-09-16T02:24:12.885638Z","AVAILABLE","INFERRED","https://apps.apple.com/hk/app/%E6%87%B8%E6%B5%AE%E6%99%82%E9%90%98/id1546947240","true","PRICE","同区英文页唯一金额对应: https://apps.apple.com/hk/app/floating-clock/id1546947240?l=en-GB","UNKNOWN","","","","2026-09-16T02:24:04.136007Z","175","175"
"悬浮时钟-抢购秒杀助手","1546947240","3-Monats-Mitgliedschaft","iap-fd5aab72702690a11683c9ca","奥地利","at","1.99","EUR","1,99 €","15.404864626038897","2.2956001120898852","7.741138003034622","2026-09-15","2026-09-16T02:24:32.037966Z","AVAILABLE","INFERRED","https://apps.apple.com/at/app/schwebende-uhr/id1546947240","true","PRICE","同区英文页唯一金额对应: https://apps.apple.com/at/app/floating-clock/id1546947240?l=en-GB","UNKNOWN","","","","2026-09-16T02:24:04.136007Z","175","175"
"悬浮时钟-抢购秒杀助手","1546947240","Quarterly Membership","iap-fd5aab72702690a11683c9ca","波斯尼亚和黑塞哥维那","ba","1.99","EUR","1,99 €","15.404864626038897","2.2956001120898852","7.741138003034622","2026-09-15","2026-09-16T02:24:36.419216Z","AVAILABLE","INFERRED","https://apps.apple.com/ba/app/floating-clock/id1546947240","true","PRICE","页面英文名称","UNKNOWN","","","","2026-09-16T02:24:04.136007Z","175","175"
"悬浮时钟-抢购秒杀助手","1546947240","Quarterly Membership","iap-fd5aab72702690a11683c9ca","比利时","be","1.99","EUR","1,99 €","15.404864626038897","2.2956001120898852","7.741138003034622","2026-09-15","2026-09-16T02:24:37.740955Z","AVAILABLE","INFERRED","https://apps.apple.com/be/app/floating-clock/id1546947240","true","PRICE","页面英文名称","UNKNOWN","","","","2026-09-16T02:24:04.136007Z","175","175"
"悬浮时钟-抢购秒杀助手","1546947240","Quarterly Membership","iap-fd5aab72702690a11683c9ca","保加利亚","bg","1.99","EUR","1,99 €","15.404864626038897","2.2956001120898852","7.741138003034622","2026-09-15","2026-09-16T02:24:43.435044Z","AVAILABLE","INFERRED","https://apps.apple.com/bg/app/floating-clock/id1546947240","true","PRICE","页面英文名称","UNKNOWN","","","","2026-09-16T02:24:04.136007Z","175","175"
"悬浮时钟-抢购秒杀助手","1546947240","Quarterly Membership","iap-fd5aab72702690a11683c9ca","塞浦路斯","cy","1.99","EUR","1,99 €","15.404864626038897","2.2956001120898852","7.741138003034622","2026-09-15","2026-09-16T02:25:03.187076Z","AVAILABLE","INFERRED","https://apps.apple.com/cy/app/floating-clock/id1546947240","true","PRICE","页面英文名称","UNKNOWN","","","","2026-09-16T02:24:04.136007Z","175","175"
"悬浮时钟-抢购秒杀助手","1546947240","3-Monats-Mitgliedschaft","iap-fd5aab72702690a11683c9ca","德国","de","1.99","EUR","1,99 €","15.404864626038897","2.2956001120898852","7.741138003034622","2026-09-15","2026-09-16T02:24:23.685349Z","AVAILABLE","INFERRED","https://apps.apple.com/de/app/schwebende-uhr/id1546947240","true","PRICE","同区英文页唯一金额对应: https://apps.apple.com/de/app/floating-clock/id1546947240?l=en-GB","UNKNOWN","","","","2026-09-16T02:24:04.136007Z","175","175"
"悬浮时钟-抢购秒杀助手","1546947240","Quarterly Membership","iap-fd5aab72702690a11683c9ca","爱沙尼亚","ee","1.99","EUR","1,99 €","15.404864626038897","2.2956001120898852","7.741138003034622","2026-09-15","2026-09-16T02:25:12.009938Z","AVAILABLE","INFERRED","https://apps.apple.com/ee/app/floating-clock/id1546947240","true","PRICE","页面英文名称","UNKNOWN","","","","2026-09-16T02:24:04.136007Z","175","175"
"悬浮时钟-抢购秒杀助手","1546947240","Quarterly Membership","iap-fd5aab72702690a11683c9ca","西班牙","es","1.99","EUR","1,99 €","15.404864626038897","2.2956001120898852","7.741138003034622","2026-09-15","2026-09-16T02:25:14.854413Z","AVAILABLE","INFERRED","https://apps.apple.com/es/app/reloj-flotante/id1546947240","true","PRICE","同区英文页唯一金额对应: https://apps.apple.com/es/app/floating-clock/id1546947240?l=en-GB","UNKNOWN","","","","2026-09-16T02:24:04.136007Z","175","175"
"悬浮时钟-抢购秒杀助手","1546947240","Quarterly Membership","iap-fd5aab72702690a11683c9ca","芬兰","fi","1.99","EUR","1,99 €","15.404864626038897","2.2956001120898852","7.741138003034622","2026-09-15","2026-09-16T02:25:11.872576Z","AVAILABLE","INFERRED","https://apps.apple.com/fi/app/floating-clock/id1546947240","true","PRICE","页面英文名称","UNKNOWN","","","","2026-09-16T02:24:04.136007Z","175","175"
"悬浮时钟-抢购秒杀助手","1546947240","Quarterly Membership","iap-fd5aab72702690a11683c9ca","法国","fr","1.99","EUR","1,99 €","15.404864626038897","2.2956001120898852","7.741138003034622","2026-09-15","2026-09-16T02:24:30.969349Z","AVAILABLE","INFERRED","https://apps.apple.com/fr/app/%E6%82%AC%E6%B5%AE%E6%97%B6%E9%92%9F-%E6%8A%A2%E8%B4%AD%E7%A7%92%E6%9D%80%E5%8A%A9%E6%89%8B/id1546947240","true","PRICE","同区英文页唯一金额对应: https://apps.apple.com/fr/app/floating-clock/id1546947240?l=en-GB","UNKNOWN","","","","2026-09-16T02:24:04.136007Z","175","175"
"悬浮时钟-抢购秒杀助手","1546947240","Quarterly Membership","iap-fd5aab72702690a11683c9ca","希腊","gr","1.99","EUR","1,99 €","15.404864626038897","2.2956001120898852","7.741138003034622","2026-09-15","2026-09-16T02:25:16.369197Z","AVAILABLE","INFERRED","https://apps.apple.com/gr/app/floating-clock/id1546947240","true","PRICE","页面英文名称","UNKNOWN","","","","2026-09-16T02:24:04.136007Z","175","175"
"悬浮时钟-抢购秒杀助手","1546947240","Quarterly Membership","iap-fd5aab72702690a11683c9ca","克罗地亚","hr","1.99","EUR","1,99 €","15.404864626038897","2.2956001120898852","7.741138003034622","2026-09-15","2026-09-16T02:25:24.031187Z","AVAILABLE","INFERRED","https://apps.apple.com/hr/app/floating-clock/id1546947240","true","PRICE","页面英文名称","UNKNOWN","","","","2026-09-16T02:24:04.136007Z","175","175"
"悬浮时钟-抢购秒杀助手","1546947240","Quarterly Membership","iap-fd5aab72702690a11683c9ca","爱尔兰","ie","1.99","EUR","€1.99","15.404864626038897","2.2956001120898852","7.741138003034622","2026-09-15","2026-09-16T02:25:27.536116Z","AVAILABLE","INFERRED","https://apps.apple.com/ie/app/floating-clock/id1546947240","true","PRICE","页面英文名称","UNKNOWN","","","","2026-09-16T02:24:04.136007Z","175","175"
"悬浮时钟-抢购秒杀助手","1546947240","Quarterly Membership","iap-fd5aab72702690a11683c9ca","意大利","it","1.99","EUR","1,99 €","15.404864626038897","2.2956001120898852","7.741138003034622","2026-09-15","2026-09-16T02:25:30.305035Z","AVAILABLE","INFERRED","https://apps.apple.com/it/app/%E6%82%AC%E6%B5%AE%E6%97%B6%E9%92%9F-%E6%8A%A2%E8%B4%AD%E7%A7%92%E6%9D%80%E5%8A%A9%E6%89%8B/id1546947240","true","PRICE","同区英文页唯一金额对应: https://apps.apple.com/it/app/floating-clock/id1546947240?l=en-GB","UNKNOWN","","","","2026-09-16T02:24:04.136007Z","175","175"
"悬浮时钟-抢购秒杀助手","1546947240","Quarterly Membership","iap-fd5aab72702690a11683c9ca","立陶宛","lt","1.99","EUR","1,99 €","15.404864626038897","2.2956001120898852","7.741138003034622","2026-09-15","2026-09-16T02:25:41.030793Z","AVAILABLE","INFERRED","https://apps.apple.com/lt/app/floating-clock/id1546947240","true","PRICE","页面英文名称","UNKNOWN","","","","2026-09-16T02:24:04.136007Z","175","175"
"悬浮时钟-抢购秒杀助手","1546947240","Quarterly Membership","iap-fd5aab72702690a11683c9ca","卢森堡","lu","1.99","EUR","1,99 €","15.404864626038897","2.2956001120898852","7.741138003034622","2026-09-15","2026-09-16T02:25:40.711424Z","AVAILABLE","INFERRED","https://apps.apple.com/lu/app/floating-clock/id1546947240","true","PRICE","页面英文名称","UNKNOWN","","","","2026-09-16T02:24:04.136007Z","175","175"
"悬浮时钟-抢购秒杀助手","1546947240","Quarterly Membership","iap-fd5aab72702690a11683c9ca","拉脱维亚","lv","1.99","EUR","1,99 €","15.404864626038897","2.2956001120898852","7.741138003034622","2026-09-15","2026-09-16T02:25:37.614102Z","AVAILABLE","INFERRED","https://apps.apple.com/lv/app/floating-clock/id1546947240","true","PRICE","页面英文名称","UNKNOWN","","","","2026-09-16T02:24:04.136007Z","175","175"
"悬浮时钟-抢购秒杀助手","1546947240","Quarterly Membership","iap-fd5aab72702690a11683c9ca","黑山","me","1.99","EUR","1,99 €","15.404864626038897","2.2956001120898852","7.741138003034622","2026-09-15","2026-09-16T02:25:40.715069Z","AVAILABLE","INFERRED","https://apps.apple.com/me/app/floating-clock/id1546947240","true","PRICE","页面英文名称","UNKNOWN","","","","2026-09-16T02:24:04.136007Z","175","175"
"悬浮时钟-抢购秒杀助手","1546947240","Quarterly Membership","iap-fd5aab72702690a11683c9ca","马耳他","mt","1.99","EUR","1,99 €","15.404864626038897","2.2956001120898852","7.741138003034622","2026-09-15","2026-09-16T02:25:48.882135Z","AVAILABLE","INFERRED","https://apps.apple.com/mt/app/floating-clock/id1546947240","true","PRICE","页面英文名称","UNKNOWN","","","","2026-09-16T02:24:04.136007Z","175","175"
"悬浮时钟-抢购秒杀助手","1546947240","Quarterly Membership","iap-fd5aab72702690a11683c9ca","荷兰","nl","1.99","EUR","€ 1,99","15.404864626038897","2.2956001120898852","7.741138003034622","2026-09-15","2026-09-16T02:25:53.646292Z","AVAILABLE","INFERRED","https://apps.apple.com/nl/app/%E6%82%AC%E6%B5%AE%E6%97%B6%E9%92%9F-%E6%8A%A2%E8%B4%AD%E7%A7%92%E6%9D%80%E5%8A%A9%E6%89%8B/id1546947240","true","PRICE","同区英文页唯一金额对应: https://apps.apple.com/nl/app/floating-clock/id1546947240?l=en-GB","UNKNOWN","","","","2026-09-16T02:24:04.136007Z","175","175"
"悬浮时钟-抢购秒杀助手","1546947240","Quarterly Membership","iap-fd5aab72702690a11683c9ca","葡萄牙","pt","1.99","EUR","1,99 €","15.404864626038897","2.2956001120898852","7.741138003034622","2026-09-15","2026-09-16T02:26:05.625051Z","AVAILABLE","INFERRED","https://apps.apple.com/pt/app/%E6%82%AC%E6%B5%AE%E6%97%B6%E9%92%9F-%E6%8A%A2%E8%B4%AD%E7%A7%92%E6%9D%80%E5%8A%A9%E6%89%8B/id1546947240","true","PRICE","同区英文页唯一金额对应: https://apps.apple.com/pt/app/floating-clock/id1546947240?l=en-GB","UNKNOWN","","","","2026-09-16T02:24:04.136007Z","175","175"
"悬浮时钟-抢购秒杀助手","1546947240","Quarterly Membership","iap-fd5aab72702690a11683c9ca","塞尔维亚","rs","1.99","EUR","1,99 €","15.404864626038897","2.2956001120898852","7.741138003034622","2026-09-15","2026-09-16T02:26:08.008936Z","AVAILABLE","INFERRED","https://apps.apple.com/rs/app/floating-clock/id1546947240","true","PRICE","页面英文名称","UNKNOWN","","","","2026-09-16T02:24:04.136007Z","175","175"
"悬浮时钟-抢购秒杀助手","1546947240","Quarterly Membership","iap-fd5aab72702690a11683c9ca","斯洛文尼亚","si","1.99","EUR","1,99 €","15.404864626038897","2.2956001120898852","7.741138003034622","2026-09-15","2026-09-16T02:26:10.596890Z","AVAILABLE","INFERRED","https://apps.apple.com/si/app/floating-clock/id1546947240","true","PRICE","页面英文名称","UNKNOWN","","","","2026-09-16T02:24:04.136007Z","175","175"
"悬浮时钟-抢购秒杀助手","1546947240","Quarterly Membership","iap-fd5aab72702690a11683c9ca","斯洛伐克","sk","1.99","EUR","1,99 €","15.404864626038897","2.2956001120898852","7.741138003034622","2026-09-15","2026-09-16T02:26:10.343663Z","AVAILABLE","INFERRED","https://apps.apple.com/sk/app/floating-clock/id1546947240","true","PRICE","页面英文名称","UNKNOWN","","","","2026-09-16T02:24:04.136007Z","175","175"
"悬浮时钟-抢购秒杀助手","1546947240","Quarterly Membership","iap-fd5aab72702690a11683c9ca","科索沃","xk","1.99","EUR","1,99 €","15.404864626038897","2.2956001120898852","7.741138003034622","2026-09-15","2026-09-16T02:26:37.396524Z","AVAILABLE","INFERRED","https://apps.apple.com/xk/app/floating-clock/id1546947240","true","PRICE","页面英文名称","UNKNOWN","","","","2026-09-16T02:24:04.136007Z","175","175"
"悬浮时钟-抢购秒杀助手","1546947240","Quarterly Membership","iap-fd5aab72702690a11683c9ca","新西兰","nz","3.99","NZD","$3.99","15.40840735983964","2.2961280427343613","3.8617562305362507","2026-09-15","2026-09-16T02:26:01.769072Z","AVAILABLE","INFERRED","https://apps.apple.com/nz/app/floating-clock/id1546947240","true","PRICE","页面英文名称","UNKNOWN","","","","2026-09-16T02:24:04.136007Z","175","175"
"悬浮时钟-抢购秒杀助手","1546947240","Quarterly Membership","iap-fd5aab72702690a11683c9ca","捷克","cz","49","CZK","49,00 Kč","15.615455050568048","2.326981848566623","0.3186827561340418","2026-09-15","2026-09-16T02:25:04.428011Z","AVAILABLE","INFERRED","https://apps.apple.com/cz/app/floating-clock/id1546947240","true","PRICE","页面英文名称","UNKNOWN","","","","2026-09-16T02:24:04.136007Z","175","175"
"悬浮时钟-抢购秒杀助手","1546947240","Quarterly Membership","iap-fd5aab72702690a11683c9ca","新加坡","sg","2.98","SGD","S$ 2.98","15.721413741583348","2.342771586995124","5.275642195162197","2026-09-15","2026-09-16T02:24:19.807675Z","AVAILABLE","INFERRED","https://apps.apple.com/sg/app/floating-clock/id1546947240","true","PRICE","页面英文名称","UNKNOWN","","","","2026-09-16T02:24:04.136007Z","175","175"
"悬浮时钟-抢购秒杀助手","1546947240","Quarterly Membership","iap-fd5aab72702690a11683c9ca","俄罗斯","ru","199","RUB","199,00 ₽","15.801528623673835","2.3547101360685203","0.07940466645062229","2026-09-15","2026-09-16T02:26:05.055880Z","AVAILABLE","INFERRED","https://apps.apple.com/ru/app/%E6%82%AC%E6%B5%AE%E6%97%B6%E9%92%9F-%E6%8A%A2%E8%B4%AD%E7%A7%92%E6%9D%80%E5%8A%A9%E6%89%8B/id1546947240","true","PRICE","同区英文页唯一金额对应: https://apps.apple.com/ru/app/floating-clock/id1546947240?l=en-GB","UNKNOWN","","","","2026-09-16T02:24:04.136007Z","175","175"
"悬浮时钟-抢购秒杀助手","1546947240","Quarterly Membership","iap-fd5aab72702690a11683c9ca","泰国","th","79","THB","฿79.00","15.94492037548843","2.376078069479759","0.20183443513276492","2026-09-15","2026-09-16T02:26:21.260339Z","AVAILABLE","INFERRED","https://apps.apple.com/th/app/floating-clock/id1546947240","true","PRICE","页面英文名称","UNKNOWN","","","","2026-09-16T02:24:04.136007Z","175","175"
"悬浮时钟-抢购秒杀助手","1546947240","Quarterly Membership","iap-fd5aab72702690a11683c9ca","尼日利亚","ng","3200","NGN","₦ 3,200.00","16.21782707281816","2.4167460441869992","0.0050680709602556745","2026-09-15","2026-09-16T02:25:56.022203Z","AVAILABLE","INFERRED","https://apps.apple.com/ng/app/floating-clock/id1546947240","true","PRICE","页面英文名称","UNKNOWN","","","","2026-09-16T02:24:04.136007Z","175","175"
"悬浮时钟-抢购秒杀助手","1546947240","Quarterly Membership","iap-fd5aab72702690a11683c9ca","马来西亚","my","9.9","MYR","RM9.90","16.300785217842577","2.4291082902462686","1.6465439613982402","2026-09-15","2026-09-16T02:25:51.345400Z","AVAILABLE","INFERRED","https://apps.apple.com/my/app/floating-clock/id1546947240","true","PRICE","页面英文名称","UNKNOWN","","","","2026-09-16T02:24:04.136007Z","175","175"
"悬浮时钟-抢购秒杀助手","1546947240","3개월 회원","iap-fd5aab72702690a11683c9ca","韩国","kr","3300","KRW","￦3,300","16.356420811758234","2.437398987940105","0.004956491155078252","2026-09-15","2026-09-16T02:24:12.093727Z","AVAILABLE","INFERRED","https://apps.apple.com/kr/app/%ED%94%8C%EB%A1%9C%ED%8C%85-%EC%8B%9C%EA%B3%84-%ED%8A%B9%EA%B0%80-%EB%8F%84%EC%9A%B0%EB%AF%B8/id1546947240","true","PRICE","同区英文页唯一金额对应: https://apps.apple.com/kr/app/floating-clock/id1546947240?l=en-GB","UNKNOWN","","","","2026-09-16T02:24:04.136007Z","175","175"
"悬浮时钟-抢购秒杀助手","1546947240","3-Monats-Mitgliedschaft","iap-fd5aab72702690a11683c9ca","瑞士","ch","2","CHF","CHF 2.00","16.40186356778076","2.4441707706432556","8.20093178389038","2026-09-15","2026-09-16T02:24:47.795948Z","AVAILABLE","INFERRED","https://apps.apple.com/ch/app/schwebende-uhr/id1546947240","true","PRICE","同区英文页唯一金额对应: https://apps.apple.com/ch/app/floating-clock/id1546947240?l=en-GB","UNKNOWN","","","","2026-09-16T02:24:04.136007Z","175","175"
"悬浮时钟-抢购秒杀助手","1546947240","Quarterly Membership","iap-fd5aab72702690a11683c9ca","南非","za","39.99","ZAR","R39.99","16.488252736900048","2.4570443006045886","0.4123093957714441","2026-09-15","2026-09-16T02:26:37.772063Z","AVAILABLE","INFERRED","https://apps.apple.com/za/app/floating-clock/id1546947240","true","PRICE","页面英文名称","UNKNOWN","","","","2026-09-16T02:24:04.136007Z","175","175"
"悬浮时钟-抢购秒杀助手","1546947240","季度会员","iap-fd5aab72702690a11683c9ca","中国大陆","cn","16.8","CNY","¥16.80","16.8","2.503500213687155","1","2026-09-15","2026-09-16T02:24:09.186123Z","AVAILABLE","INFERRED","https://apps.apple.com/cn/app/%E6%82%AC%E6%B5%AE%E6%97%B6%E9%92%9F-%E6%8A%A2%E8%B4%AD%E7%A7%92%E6%9D%80%E5%8A%A9%E6%89%8B/id1546947240","true","PRICE","同区英文页唯一金额对应: https://apps.apple.com/cn/app/floating-clock/id1546947240?l=en-GB","UNKNOWN","","","","2026-09-16T02:24:04.136007Z","175","175"
"悬浮时钟-抢购秒杀助手","1546947240","Quarterly Membership","iap-fd5aab72702690a11683c9ca","巴西","br","12.9","BRL","R$ 12,90","16.83976562381322","2.5094260022415478","1.3054081878924977","2026-09-15","2026-09-16T02:24:43.156543Z","AVAILABLE","INFERRED","https://apps.apple.com/br/app/%E6%82%AC%E6%B5%AE%E6%97%B6%E9%92%9F-%E6%8A%A2%E8%B4%AD%E7%A7%92%E6%9D%80%E5%8A%A9%E6%89%8B/id1546947240","true","PRICE","同区英文页唯一金额对应: https://apps.apple.com/br/app/floating-clock/id1546947240?l=en-GB","UNKNOWN","","","","2026-09-16T02:24:04.136007Z","175","175"
"悬浮时钟-抢购秒杀助手","1546947240","Quarterly Membership","iap-fd5aab72702690a11683c9ca","以色列","il","7.9","ILS","₪7.90","17.42865905522586","2.597181646966578","2.206159374079223","2026-09-15","2026-09-16T02:25:28.570242Z","AVAILABLE","INFERRED","https://apps.apple.com/il/app/floating-clock/id1546947240","true","PRICE","页面英文名称","UNKNOWN","","","","2026-09-16T02:24:04.136007Z","175","175"
"悬浮时钟-抢购秒杀助手","1546947240","Quarterly Membership","iap-fd5aab72702690a11683c9ca","波兰","pl","9.99","PLN","9,99 zł","17.810986422752475","2.654155256865466","1.7828815237990463","2026-09-15","2026-09-16T02:26:02.906974Z","AVAILABLE","INFERRED","https://apps.apple.com/pl/app/floating-clock/id1546947240","true","PRICE","页面英文名称","UNKNOWN","","","","2026-09-16T02:24:04.136007Z","175","175"
"悬浮时钟-抢购秒杀助手","1546947240","Quarterly Membership","iap-fd5aab72702690a11683c9ca","沙特阿拉伯","sa","9.99","SAR","SAR 9.99","17.87705060112","2.664","1.7894945546666667","2026-09-15","2026-09-16T02:26:09.931170Z","AVAILABLE","INFERRED","https://apps.apple.com/sa/app/floating-clock/id1546947240","true","PRICE","页面英文名称","UNKNOWN","","","","2026-09-16T02:24:04.136007Z","175","175"
"悬浮时钟-抢购秒杀助手","1546947240","Quarterly Membership","iap-fd5aab72702690a11683c9ca","英国","gb","1.99","GBP","£1.99","18.00724002261446","2.6834005502697136","9.04886433297209","2026-09-15","2026-09-16T02:24:20.311044Z","AVAILABLE","INFERRED","https://apps.apple.com/gb/app/floating-clock/id1546947240","true","PRICE","页面英文名称","UNKNOWN","","","","2026-09-16T02:24:04.136007Z","175","175"
"悬浮时钟-抢购秒杀助手","1546947240","Quarterly Membership","iap-fd5aab72702690a11683c9ca","丹麦","dk","19","DKK","19,00 kr","19.67519538838304","2.931955705901992","1.035536599388581","2026-09-15","2026-09-16T02:24:59.726794Z","AVAILABLE","INFERRED","https://apps.apple.com/dk/app/floating-clock/id1546947240","true","PRICE","页面英文名称","UNKNOWN","","","","2026-09-16T02:24:04.136007Z","175","175"
"悬浮时钟-抢购秒杀助手","1546947240","Quarterly Membership","iap-fd5aab72702690a11683c9ca","秘鲁","pe","9.9","PEN","S/ 9.90","19.77052424433571","2.946161408952472","1.9970226509430014","2026-09-15","2026-09-16T02:25:59.105548Z","AVAILABLE","INFERRED","https://apps.apple.com/pe/app/reloj-flotante/id1546947240","true","PRICE","同区英文页唯一金额对应: https://apps.apple.com/pe/app/floating-clock/id1546947240?l=en-GB","UNKNOWN","","","","2026-09-16T02:24:04.136007Z","175","175"
"悬浮时钟-抢购秒杀助手","1546947240","Quarterly Membership","iap-fd5aab72702690a11683c9ca","瑞典","se","29","SEK","29,00 kr","19.90180712080224","2.965724903552913","0.6862692110621461","2026-09-15","2026-09-16T02:26:11.975733Z","AVAILABLE","INFERRED","https://apps.apple.com/se/app/%E6%82%AC%E6%B5%AE%E6%97%B6%E9%92%9F-%E6%8A%A2%E8%B4%AD%E7%A7%92%E6%9D%80%E5%8A%A9%E6%89%8B/id1546947240","true","PRICE","同区英文页唯一金额对应: https://apps.apple.com/se/app/floating-clock/id1546947240?l=en-GB","UNKNOWN","","","","2026-09-16T02:24:04.136007Z","175","175"
"悬浮时钟-抢购秒杀助手","1546947240","Quarterly Membership","iap-fd5aab72702690a11683c9ca","挪威","no","29","NOK","29,00 kr","20.83235577362679","3.1043932816000894","0.7183570956423031","2026-09-15","2026-09-16T02:25:54.841858Z","AVAILABLE","INFERRED","https://apps.apple.com/no/app/floating-clock/id1546947240","true","PRICE","页面英文名称","UNKNOWN","","","","2026-09-16T02:24:04.136007Z","175","175"
"悬浮时钟-抢购秒杀助手","1546947240","Quarterly Membership","iap-fd5aab72702690a11683c9ca","匈牙利","hu","999","HUF","HUF999.00","21.132961732373445","3.1491889412404395","0.021154115848221664","2026-09-15","2026-09-16T02:25:21.010847Z","AVAILABLE","INFERRED","https://apps.apple.com/hu/app/floating-clock/id1546947240","true","PRICE","页面英文名称","UNKNOWN","","","","2026-09-16T02:24:04.136007Z","175","175"
"悬浮时钟-抢购秒杀助手","1546947240","Quarterly Membership","iap-fd5aab72702690a11683c9ca","哥伦比亚","co","9900","COP","$ 9.900,00","21.37705359709919","3.1855629909725947","0.0021592983431413327","2026-09-15","2026-09-16T02:24:52.973830Z","AVAILABLE","INFERRED","https://apps.apple.com/co/app/reloj-flotante/id1546947240","true","PRICE","同区英文页唯一金额对应: https://apps.apple.com/co/app/floating-clock/id1546947240?l=en-GB","UNKNOWN","","","","2026-09-16T02:24:04.136007Z","175","175"
"Floating Clock","1546947240","","","","id","","","","","","","2026-09-15","2026-09-16T02:24:12.180142Z","AVAILABLE","","https://apps.apple.com/id/app/floating-clock/id1546947240","true","REGION","","","","","PUBLIC_PAGE_ONLY","2026-09-16T02:24:04.136007Z","175","175"
"懸浮時鐘","1546947240","","","","tw","","","","","","","2026-09-15","2026-09-16T02:24:11.403317Z","AVAILABLE","","https://apps.apple.com/tw/app/%E6%87%B8%E6%B5%AE%E6%99%82%E9%90%98/id1546947240","true","REGION","","","","","PUBLIC_PAGE_ONLY","2026-09-16T02:24:04.136007Z","175","175"
"悬浮时钟-抢购秒杀助手","1546947240","","","","cn","","","","","","","2026-09-15","2026-09-16T02:24:09.186123Z","AVAILABLE","","https://apps.apple.com/cn/app/%E6%82%AC%E6%B5%AE%E6%97%B6%E9%92%9F-%E6%8A%A2%E8%B4%AD%E7%A7%92%E6%9D%80%E5%8A%A9%E6%89%8B/id1546947240","true","REGION","","","","","PUBLIC_PAGE_ONLY","2026-09-16T02:24:04.136007Z","175","175"
"Floating Clock","1546947240","","","","in","","","","","","","2026-09-15","2026-09-16T02:24:16.746402Z","AVAILABLE","","https://apps.apple.com/in/app/floating-clock/id1546947240","true","REGION","","","","","PUBLIC_PAGE_ONLY","2026-09-16T02:24:04.136007Z","175","175"
"Floating Clock","1546947240","","","","ca","","","","","","","2026-09-15","2026-09-16T02:24:18.105753Z","AVAILABLE","","https://apps.apple.com/ca/app/floating-clock/id1546947240","true","REGION","","","","","PUBLIC_PAGE_ONLY","2026-09-16T02:24:04.136007Z","175","175"
"플로팅 시계-특가 도우미","1546947240","","","","kr","","","","","","","2026-09-15","2026-09-16T02:24:12.093727Z","AVAILABLE","","https://apps.apple.com/kr/app/%ED%94%8C%EB%A1%9C%ED%8C%85-%EC%8B%9C%EA%B3%84-%ED%8A%B9%EA%B0%80-%EB%8F%84%EC%9A%B0%EB%AF%B8/id1546947240","true","REGION","","","","","PUBLIC_PAGE_ONLY","2026-09-16T02:24:04.136007Z","175","175"
"Floating Clock","1546947240","","","","tr","","","","","","","2026-09-15","2026-09-16T02:24:18.733988Z","AVAILABLE","","https://apps.apple.com/tr/app/floating-clock/id1546947240","true","REGION","","","","","PUBLIC_PAGE_ONLY","2026-09-16T02:24:04.136007Z","175","175"
"Floating Clock","1546947240","","","","us","","","","","","","2026-09-15","2026-09-16T02:24:19.475026Z","AVAILABLE","","https://apps.apple.com/us/app/floating-clock/id1546947240","true","REGION","","","","","PUBLIC_PAGE_ONLY","2026-09-16T02:24:04.136007Z","175","175"
"Floating Clock","1546947240","","","","au","","","","","","","2026-09-15","2026-09-16T02:24:19.592919Z","AVAILABLE","","https://apps.apple.com/au/app/floating-clock/id1546947240","true","REGION","","","","","PUBLIC_PAGE_ONLY","2026-09-16T02:24:04.136007Z","175","175"
"Floating Clock","1546947240","","","","sg","","","","","","","2026-09-15","2026-09-16T02:24:19.807675Z","AVAILABLE","","https://apps.apple.com/sg/app/floating-clock/id1546947240","true","REGION","","","","","PUBLIC_PAGE_ONLY","2026-09-16T02:24:04.136007Z","175","175"
"Floating Clock","1546947240","","","","gb","","","","","","","2026-09-15","2026-09-16T02:24:20.311044Z","AVAILABLE","","https://apps.apple.com/gb/app/floating-clock/id1546947240","true","REGION","","","","","PUBLIC_PAGE_ONLY","2026-09-16T02:24:04.136007Z","175","175"
"Floating Clock","1546947240","","","","af","","","","","","","2026-09-15","2026-09-16T02:24:21.716106Z","AVAILABLE","","https://apps.apple.com/af/app/floating-clock/id1546947240","true","REGION","","","","","PUBLIC_PAGE_ONLY","2026-09-16T02:24:04.136007Z","175","175"
"フローティング時計","1546947240","","","","jp","","","","","","","2026-09-15","2026-09-16T02:24:13.124929Z","AVAILABLE","","https://apps.apple.com/jp/app/%E3%83%95%E3%83%AD%E3%83%BC%E3%83%86%E3%82%A3%E3%83%B3%E3%82%B0%E6%99%82%E8%A8%88/id1546947240","true","REGION","","","","","PUBLIC_PAGE_ONLY","2026-09-16T02:24:04.136007Z","175","175"
"Floating Clock","1546947240","","","","al","","","","","","","2026-09-15","2026-09-16T02:24:23.649485Z","AVAILABLE","","https://apps.apple.com/al/app/floating-clock/id1546947240","true","REGION","","","","","PUBLIC_PAGE_ONLY","2026-09-16T02:24:04.136007Z","175","175"
"懸浮時鐘","1546947240","","","","hk","","","","","","","2026-09-15","2026-09-16T02:24:12.885638Z","AVAILABLE","","https://apps.apple.com/hk/app/%E6%87%B8%E6%B5%AE%E6%99%82%E9%90%98/id1546947240","true","REGION","","","","","PUBLIC_PAGE_ONLY","2026-09-16T02:24:04.136007Z","175","175"
"Floating Clock","1546947240","","","","ai","","","","","","","2026-09-15","2026-09-16T02:24:25.871160Z","AVAILABLE","","https://apps.apple.com/ai/app/floating-clock/id1546947240","true","REGION","","","","","PUBLIC_PAGE_ONLY","2026-09-16T02:24:04.136007Z","175","175"
"Floating Clock","1546947240","","","","ao","","","","","","","2026-09-15","2026-09-16T02:24:26.512157Z","AVAILABLE","","https://apps.apple.com/ao/app/floating-clock/id1546947240","true","REGION","","","","","PUBLIC_PAGE_ONLY","2026-09-16T02:24:04.136007Z","175","175"
"Floating Clock","1546947240","","","","ag","","","","","","","2026-09-15","2026-09-16T02:24:28.273026Z","AVAILABLE","","https://apps.apple.com/ag/app/floating-clock/id1546947240","true","REGION","","","","","PUBLIC_PAGE_ONLY","2026-09-16T02:24:04.136007Z","175","175"
"Floating Clock","1546947240","","","","az","","","","","","","2026-09-15","2026-09-16T02:24:29.628458Z","AVAILABLE","","https://apps.apple.com/az/app/floating-clock/id1546947240","true","REGION","","","","","PUBLIC_PAGE_ONLY","2026-09-16T02:24:04.136007Z","175","175"
"Schwebende Uhr","1546947240","","","","de","","","","","","","2026-09-15","2026-09-16T02:24:23.685349Z","AVAILABLE","","https://apps.apple.com/de/app/schwebende-uhr/id1546947240","true","REGION","","","","","PUBLIC_PAGE_ONLY","2026-09-16T02:24:04.136007Z","175","175"
"Floating Clock","1546947240","","","","bb","","","","","","","2026-09-15","2026-09-16T02:24:32.230445Z","AVAILABLE","","https://apps.apple.com/bb/app/floating-clock/id1546947240","true","REGION","","","","","PUBLIC_PAGE_ONLY","2026-09-16T02:24:04.136007Z","175","175"
"Floating Clock","1546947240","","","","ae","","","","","","","2026-09-15","2026-09-16T02:24:33.178590Z","AVAILABLE","","https://apps.apple.com/ae/app/floating-clock/id1546947240","true","REGION","","","","","PUBLIC_PAGE_ONLY","2026-09-16T02:24:04.136007Z","175","175"
"Floating Clock","1546947240","","","","bf","","","","","","","2026-09-15","2026-09-16T02:24:33.935831Z","AVAILABLE","","https://apps.apple.com/bf/app/floating-clock/id1546947240","true","REGION","","","","","PUBLIC_PAGE_ONLY","2026-09-16T02:24:04.136007Z","175","175"
"Floating Clock","1546947240","","","","am","","","","","","","2026-09-15","2026-09-16T02:24:34.327570Z","AVAILABLE","","https://apps.apple.com/am/app/floating-clock/id1546947240","true","REGION","","","","","PUBLIC_PAGE_ONLY","2026-09-16T02:24:04.136007Z","175","175"
"Floating Clock","1546947240","","","","bh","","","","","","","2026-09-15","2026-09-16T02:24:36.065487Z","AVAILABLE","","https://apps.apple.com/bh/app/floating-clock/id1546947240","true","REGION","","","","","PUBLIC_PAGE_ONLY","2026-09-16T02:24:04.136007Z","175","175"
"Floating Clock","1546947240","","","","ba","","","","","","","2026-09-15","2026-09-16T02:24:36.419216Z","AVAILABLE","","https://apps.apple.com/ba/app/floating-clock/id1546947240","true","REGION","","","","","PUBLIC_PAGE_ONLY","2026-09-16T02:24:04.136007Z","175","175"
"Schwebende Uhr","1546947240","","","","at","","","","","","","2026-09-15","2026-09-16T02:24:32.037966Z","AVAILABLE","","https://apps.apple.com/at/app/schwebende-uhr/id1546947240","true","REGION","","","","","PUBLIC_PAGE_ONLY","2026-09-16T02:24:04.136007Z","175","175"
"Floating Clock","1546947240","","","","be","","","","","","","2026-09-15","2026-09-16T02:24:37.740955Z","AVAILABLE","","https://apps.apple.com/be/app/floating-clock/id1546947240","true","REGION","","","","","PUBLIC_PAGE_ONLY","2026-09-16T02:24:04.136007Z","175","175"
"Floating Clock","1546947240","","","","bm","","","","","","","2026-09-15","2026-09-16T02:24:38.812032Z","AVAILABLE","","https://apps.apple.com/bm/app/floating-clock/id1546947240","true","REGION","","","","","PUBLIC_PAGE_ONLY","2026-09-16T02:24:04.136007Z","175","175"
"Floating Clock","1546947240","","","","bs","","","","","","","2026-09-15","2026-09-16T02:24:40.873062Z","AVAILABLE","","https://apps.apple.com/bs/app/floating-clock/id1546947240","true","REGION","","","","","PUBLIC_PAGE_ONLY","2026-09-16T02:24:04.136007Z","175","175"
"悬浮时钟-抢购秒杀助手","1546947240","","","","fr","","","","","","","2026-09-15","2026-09-16T02:24:30.969349Z","AVAILABLE","","https://apps.apple.com/fr/app/%E6%82%AC%E6%B5%AE%E6%97%B6%E9%92%9F-%E6%8A%A2%E8%B4%AD%E7%A7%92%E6%9D%80%E5%8A%A9%E6%89%8B/id1546947240","true","REGION","","","","","PUBLIC_PAGE_ONLY","2026-09-16T02:24:04.136007Z","175","175"
"Floating Clock","1546947240","","","","bt","","","","","","","2026-09-15","2026-09-16T02:24:42.988409Z","AVAILABLE","","https://apps.apple.com/bt/app/floating-clock/id1546947240","true","REGION","","","","","PUBLIC_PAGE_ONLY","2026-09-16T02:24:04.136007Z","175","175"
"Floating Clock","1546947240","","","","bn","","","","","","","2026-09-15","2026-09-16T02:24:43.106742Z","AVAILABLE","","https://apps.apple.com/bn/app/floating-clock/id1546947240","true","REGION","","","","","PUBLIC_PAGE_ONLY","2026-09-16T02:24:04.136007Z","175","175"
"Floating Clock","1546947240","","","","bg","","","","","","","2026-09-15","2026-09-16T02:24:43.435044Z","AVAILABLE","","https://apps.apple.com/bg/app/floating-clock/id1546947240","true","REGION","","","","","PUBLIC_PAGE_ONLY","2026-09-16T02:24:04.136007Z","175","175"
"Floating Clock","1546947240","","","","bj","","","","","","","2026-09-15","2026-09-16T02:24:43.469050Z","AVAILABLE","","https://apps.apple.com/bj/app/floating-clock/id1546947240","true","REGION","","","","","PUBLIC_PAGE_ONLY","2026-09-16T02:24:04.136007Z","175","175"
"Floating Clock","1546947240","","","","by","","","","","","","2026-09-15","2026-09-16T02:24:45.107115Z","AVAILABLE","","https://apps.apple.com/by/app/floating-clock/id1546947240","true","REGION","","","","","PUBLIC_PAGE_ONLY","2026-09-16T02:24:04.136007Z","175","175"
"Reloj Flotante","1546947240","","","","bo","","","","","","","2026-09-15","2026-09-16T02:24:43.232982Z","AVAILABLE","","https://apps.apple.com/bo/app/reloj-flotante/id1546947240","true","REGION","","","","","PUBLIC_PAGE_ONLY","2026-09-16T02:24:04.136007Z","175","175"
"悬浮时钟-抢购秒杀助手","1546947240","","","","br","","","","","","","2026-09-15","2026-09-16T02:24:43.156543Z","AVAILABLE","","https://apps.apple.com/br/app/%E6%82%AC%E6%B5%AE%E6%97%B6%E9%92%9F-%E6%8A%A2%E8%B4%AD%E7%A7%92%E6%9D%80%E5%8A%A9%E6%89%8B/id1546947240","true","REGION","","","","","PUBLIC_PAGE_ONLY","2026-09-16T02:24:04.136007Z","175","175"
"Floating Clock","1546947240","","","","bz","","","","","","","2026-09-15","2026-09-16T02:24:49.123519Z","AVAILABLE","","https://apps.apple.com/bz/app/floating-clock/id1546947240","true","REGION","","","","","PUBLIC_PAGE_ONLY","2026-09-16T02:24:04.136007Z","175","175"
"Schwebende Uhr","1546947240","","","","ch","","","","","","","2026-09-15","2026-09-16T02:24:47.795948Z","AVAILABLE","","https://apps.apple.com/ch/app/schwebende-uhr/id1546947240","true","REGION","","","","","PUBLIC_PAGE_ONLY","2026-09-16T02:24:04.136007Z","175","175"
"Floating Clock","1546947240","","","","cg","","","","","","","2026-09-15","2026-09-16T02:24:50.522846Z","AVAILABLE","","https://apps.apple.com/cg/app/floating-clock/id1546947240","true","REGION","","","","","PUBLIC_PAGE_ONLY","2026-09-16T02:24:04.136007Z","175","175"
"Floating Clock","1546947240","","","","cd","","","","","","","2026-09-15","2026-09-16T02:24:52.970231Z","AVAILABLE","","https://apps.apple.com/cd/app/floating-clock/id1546947240","true","REGION","","","","","PUBLIC_PAGE_ONLY","2026-09-16T02:24:04.136007Z","175","175"
"Floating Clock","1546947240","","","","bw","","","","","","","2026-09-15","2026-09-16T02:24:53.355378Z","AVAILABLE","","https://apps.apple.com/bw/app/floating-clock/id1546947240","true","REGION","","","","","PUBLIC_PAGE_ONLY","2026-09-16T02:24:04.136007Z","175","175"
"Reloj Flotante","1546947240","","","","ar","","","","","","","2026-09-15","2026-09-16T02:24:39.715681Z","AVAILABLE","","https://apps.apple.com/ar/app/reloj-flotante/id1546947240","true","REGION","","","","","PUBLIC_PAGE_ONLY","2026-09-16T02:24:04.136007Z","175","175"
"Reloj Flotante","1546947240","","","","co","","","","","","","2026-09-15","2026-09-16T02:24:52.973830Z","AVAILABLE","","https://apps.apple.com/co/app/reloj-flotante/id1546947240","true","REGION","","","","","PUBLIC_PAGE_ONLY","2026-09-16T02:24:04.136007Z","175","175"
"Reloj Flotante","1546947240","","","","cl","","","","","","","2026-09-15","2026-09-16T02:24:53.252749Z","AVAILABLE","","https://apps.apple.com/cl/app/reloj-flotante/id1546947240","true","REGION","","","","","PUBLIC_PAGE_ONLY","2026-09-16T02:24:04.136007Z","175","175"
"Floating Clock","1546947240","","","","dk","","","","","","","2026-09-15","2026-09-16T02:24:59.726794Z","AVAILABLE","","https://apps.apple.com/dk/app/floating-clock/id1546947240","true","REGION","","","","","PUBLIC_PAGE_ONLY","2026-09-16T02:24:04.136007Z","175","175"
"悬浮时钟-抢购秒杀助手","1546947240","","","","ci","","","","","","","2026-09-15","2026-09-16T02:24:53.534236Z","AVAILABLE","","https://apps.apple.com/ci/app/%E6%82%AC%E6%B5%AE%E6%97%B6%E9%92%9F-%E6%8A%A2%E8%B4%AD%E7%A7%92%E6%9D%80%E5%8A%A9%E6%89%8B/id1546947240","true","REGION","","","","","PUBLIC_PAGE_ONLY","2026-09-16T02:24:04.136007Z","175","175"
"Floating Clock","1546947240","","","","dm","","","","","","","2026-09-15","2026-09-16T02:25:03.003239Z","AVAILABLE","","https://apps.apple.com/dm/app/floating-clock/id1546947240","true","REGION","","","","","PUBLIC_PAGE_ONLY","2026-09-16T02:24:04.136007Z","175","175"
"Floating Clock","1546947240","","","","cy","","","","","","","2026-09-15","2026-09-16T02:25:03.187076Z","AVAILABLE","","https://apps.apple.com/cy/app/floating-clock/id1546947240","true","REGION","","","","","PUBLIC_PAGE_ONLY","2026-09-16T02:24:04.136007Z","175","175"
"Floating Clock","1546947240","","","","cv","","","","","","","2026-09-15","2026-09-16T02:25:03.267620Z","AVAILABLE","","https://apps.apple.com/cv/app/floating-clock/id1546947240","true","REGION","","","","","PUBLIC_PAGE_ONLY","2026-09-16T02:24:04.136007Z","175","175"
"Floating Clock","1546947240","","","","cz","","","","","","","2026-09-15","2026-09-16T02:25:04.428011Z","AVAILABLE","","https://apps.apple.com/cz/app/floating-clock/id1546947240","true","REGION","","","","","PUBLIC_PAGE_ONLY","2026-09-16T02:24:04.136007Z","175","175"
"悬浮时钟-抢购秒杀助手","1546947240","","","","cm","","","","","","","2026-09-15","2026-09-16T02:24:57.501464Z","AVAILABLE","","https://apps.apple.com/cm/app/%E6%82%AC%E6%B5%AE%E6%97%B6%E9%92%9F-%E6%8A%A2%E8%B4%AD%E7%A7%92%E6%9D%80%E5%8A%A9%E6%89%8B/id1546947240","true","REGION","","","","","PUBLIC_PAGE_ONLY","2026-09-16T02:24:04.136007Z","175","175"
"Reloj Flotante","1546947240","","","","do","","","","","","","2026-09-15","2026-09-16T02:25:02.894164Z","AVAILABLE","","https://apps.apple.com/do/app/reloj-flotante/id1546947240","true","REGION","","","","","PUBLIC_PAGE_ONLY","2026-09-16T02:24:04.136007Z","175","175"
"Floating Clock","1546947240","","","","dz","","","","","","","2026-09-15","2026-09-16T02:25:07.255667Z","AVAILABLE","","https://apps.apple.com/dz/app/floating-clock/id1546947240","true","REGION","","","","","PUBLIC_PAGE_ONLY","2026-09-16T02:24:04.136007Z","175","175"
"Floating Clock","1546947240","","","","fj","","","","","","","2026-09-15","2026-09-16T02:25:09.500729Z","AVAILABLE","","https://apps.apple.com/fj/app/floating-clock/id1546947240","true","REGION","","","","","PUBLIC_PAGE_ONLY","2026-09-16T02:24:04.136007Z","175","175"
"Reloj Flotante","1546947240","","","","ec","","","","","","","2026-09-15","2026-09-16T02:25:06.606821Z","AVAILABLE","","https://apps.apple.com/ec/app/reloj-flotante/id1546947240","true","REGION","","","","","PUBLIC_PAGE_ONLY","2026-09-16T02:24:04.136007Z","175","175"
"Reloj Flotante","1546947240","","","","cr","","","","","","","2026-09-15","2026-09-16T02:25:01.060517Z","AVAILABLE","","https://apps.apple.com/cr/app/reloj-flotante/id1546947240","true","REGION","","","","","PUBLIC_PAGE_ONLY","2026-09-16T02:24:04.136007Z","175","175"
"Floating Clock","1546947240","","","","fi","","","","","","","2026-09-15","2026-09-16T02:25:11.872576Z","AVAILABLE","","https://apps.apple.com/fi/app/floating-clock/id1546947240","true","REGION","","","","","PUBLIC_PAGE_ONLY","2026-09-16T02:24:04.136007Z","175","175"
"Floating Clock","1546947240","","","","ee","","","","","","","2026-09-15","2026-09-16T02:25:12.009938Z","AVAILABLE","","https://apps.apple.com/ee/app/floating-clock/id1546947240","true","REGION","","","","","PUBLIC_PAGE_ONLY","2026-09-16T02:24:04.136007Z","175","175"
"Floating Clock","1546947240","","","","gd","","","","","","","2026-09-15","2026-09-16T02:25:13.163373Z","AVAILABLE","","https://apps.apple.com/gd/app/floating-clock/id1546947240","true","REGION","","","","","PUBLIC_PAGE_ONLY","2026-09-16T02:24:04.136007Z","175","175"
"Floating Clock","1546947240","","","","fm","","","","","","","2026-09-15","2026-09-16T02:25:13.750737Z","AVAILABLE","","https://apps.apple.com/fm/app/floating-clock/id1546947240","true","REGION","","","","","PUBLIC_PAGE_ONLY","2026-09-16T02:24:04.136007Z","175","175"
"Floating Clock","1546947240","","","","eg","","","","","","","2026-09-15","2026-09-16T02:25:14.714348Z","AVAILABLE","","https://apps.apple.com/eg/app/floating-clock/id1546947240","true","REGION","","","","","PUBLIC_PAGE_ONLY","2026-09-16T02:24:04.136007Z","175","175"
"悬浮时钟-抢购秒杀助手","1546947240","","","","ga","","","","","","","2026-09-15","2026-09-16T02:25:12.287745Z","AVAILABLE","","https://apps.apple.com/ga/app/%E6%82%AC%E6%B5%AE%E6%97%B6%E9%92%9F-%E6%8A%A2%E8%B4%AD%E7%A7%92%E6%9D%80%E5%8A%A9%E6%89%8B/id1546947240","true","REGION","","","","","PUBLIC_PAGE_ONLY","2026-09-16T02:24:04.136007Z","175","175"
"Floating Clock","1546947240","","","","gr","","","","","","","2026-09-15","2026-09-16T02:25:16.369197Z","AVAILABLE","","https://apps.apple.com/gr/app/floating-clock/id1546947240","true","REGION","","","","","PUBLIC_PAGE_ONLY","2026-09-16T02:24:04.136007Z","175","175"
"Floating Clock","1546947240","","","","gh","","","","","","","2026-09-15","2026-09-16T02:25:18.080270Z","AVAILABLE","","https://apps.apple.com/gh/app/floating-clock/id1546947240","true","REGION","","","","","PUBLIC_PAGE_ONLY","2026-09-16T02:24:04.136007Z","175","175"
"Floating Clock","1546947240","","","","gy","","","","","","","2026-09-15","2026-09-16T02:25:18.131441Z","AVAILABLE","","https://apps.apple.com/gy/app/floating-clock/id1546947240","true","REGION","","","","","PUBLIC_PAGE_ONLY","2026-09-16T02:24:04.136007Z","175","175"
"Floating Clock","1546947240","","","","ge","","","","","","","2026-09-15","2026-09-16T02:25:19.634686Z","AVAILABLE","","https://apps.apple.com/ge/app/floating-clock/id1546947240","true","REGION","","","","","PUBLIC_PAGE_ONLY","2026-09-16T02:24:04.136007Z","175","175"
"Floating Clock","1546947240","","","","gm","","","","","","","2026-09-15","2026-09-16T02:25:20.496387Z","AVAILABLE","","https://apps.apple.com/gm/app/floating-clock/id1546947240","true","REGION","","","","","PUBLIC_PAGE_ONLY","2026-09-16T02:24:04.136007Z","175","175"
"Floating Clock","1546947240","","","","hu","","","","","","","2026-09-15","2026-09-16T02:25:21.010847Z","AVAILABLE","","https://apps.apple.com/hu/app/floating-clock/id1546947240","true","REGION","","","","","PUBLIC_PAGE_ONLY","2026-09-16T02:24:04.136007Z","175","175"
"Reloj Flotante","1546947240","","","","hn","","","","","","","2026-09-15","2026-09-16T02:25:19.539151Z","AVAILABLE","","https://apps.apple.com/hn/app/reloj-flotante/id1546947240","true","REGION","","","","","PUBLIC_PAGE_ONLY","2026-09-16T02:24:04.136007Z","175","175"
"Floating Clock","1546947240","","","","hr","","","","","","","2026-09-15","2026-09-16T02:25:24.031187Z","AVAILABLE","","https://apps.apple.com/hr/app/floating-clock/id1546947240","true","REGION","","","","","PUBLIC_PAGE_ONLY","2026-09-16T02:24:04.136007Z","175","175"
"Floating Clock","1546947240","","","","iq","","","","","","","2026-09-15","2026-09-16T02:25:24.059674Z","AVAILABLE","","https://apps.apple.com/iq/app/floating-clock/id1546947240","true","REGION","","","","","PUBLIC_PAGE_ONLY","2026-09-16T02:24:04.136007Z","175","175"
"Floating Clock","1546947240","","","","gw","","","","","","","2026-09-15","2026-09-16T02:25:25.332189Z","AVAILABLE","","https://apps.apple.com/gw/app/floating-clock/id1546947240","true","REGION","","","","","PUBLIC_PAGE_ONLY","2026-09-16T02:24:04.136007Z","175","175"
"Reloj Flotante","1546947240","","","","es","","","","","","","2026-09-15","2026-09-16T02:25:14.854413Z","AVAILABLE","","https://apps.apple.com/es/app/reloj-flotante/id1546947240","true","REGION","","","","","PUBLIC_PAGE_ONLY","2026-09-16T02:24:04.136007Z","175","175"
"Floating Clock","1546947240","","","","is","","","","","","","2026-09-15","2026-09-16T02:25:26.257902Z","AVAILABLE","","https://apps.apple.com/is/app/floating-clock/id1546947240","true","REGION","","","","","PUBLIC_PAGE_ONLY","2026-09-16T02:24:04.136007Z","175","175"
"Floating Clock","1546947240","","","","jm","","","","","","","2026-09-15","2026-09-16T02:25:26.861467Z","AVAILABLE","","https://apps.apple.com/jm/app/floating-clock/id1546947240","true","REGION","","","","","PUBLIC_PAGE_ONLY","2026-09-16T02:24:04.136007Z","175","175"
"Reloj Flotante","1546947240","","","","gt","","","","","","","2026-09-15","2026-09-16T02:25:20.742280Z","AVAILABLE","","https://apps.apple.com/gt/app/reloj-flotante/id1546947240","true","REGION","","","","","PUBLIC_PAGE_ONLY","2026-09-16T02:24:04.136007Z","175","175"
"Floating Clock","1546947240","","","","ie","","","","","","","2026-09-15","2026-09-16T02:25:27.536116Z","AVAILABLE","","https://apps.apple.com/ie/app/floating-clock/id1546947240","true","REGION","","","","","PUBLIC_PAGE_ONLY","2026-09-16T02:24:04.136007Z","175","175"
"Floating Clock","1546947240","","","","il","","","","","","","2026-09-15","2026-09-16T02:25:28.570242Z","AVAILABLE","","https://apps.apple.com/il/app/floating-clock/id1546947240","true","REGION","","","","","PUBLIC_PAGE_ONLY","2026-09-16T02:24:04.136007Z","175","175"
"Floating Clock","1546947240","","","","kg","","","","","","","2026-09-15","2026-09-16T02:25:28.740437Z","AVAILABLE","","https://apps.apple.com/kg/app/floating-clock/id1546947240","true","REGION","","","","","PUBLIC_PAGE_ONLY","2026-09-16T02:24:04.136007Z","175","175"
"Floating Clock","1546947240","","","","kh","","","","","","","2026-09-15","2026-09-16T02:25:30.079506Z","AVAILABLE","","https://apps.apple.com/kh/app/floating-clock/id1546947240","true","REGION","","","","","PUBLIC_PAGE_ONLY","2026-09-16T02:24:04.136007Z","175","175"
"Floating Clock","1546947240","","","","kz","","","","","","","2026-09-15","2026-09-16T02:25:31.158420Z","AVAILABLE","","https://apps.apple.com/kz/app/floating-clock/id1546947240","true","REGION","","","","","PUBLIC_PAGE_ONLY","2026-09-16T02:24:04.136007Z","175","175"
"Floating Clock","1546947240","","","","kn","","","","","","","2026-09-15","2026-09-16T02:25:31.782741Z","AVAILABLE","","https://apps.apple.com/kn/app/floating-clock/id1546947240","true","REGION","","","","","PUBLIC_PAGE_ONLY","2026-09-16T02:24:04.136007Z","175","175"
"Floating Clock","1546947240","","","","la","","","","","","","2026-09-15","2026-09-16T02:25:31.923284Z","AVAILABLE","","https://apps.apple.com/la/app/floating-clock/id1546947240","true","REGION","","","","","PUBLIC_PAGE_ONLY","2026-09-16T02:24:04.136007Z","175","175"
"Floating Clock","1546947240","","","","lb","","","","","","","2026-09-15","2026-09-16T02:25:33.639299Z","AVAILABLE","","https://apps.apple.com/lb/app/floating-clock/id1546947240","true","REGION","","","","","PUBLIC_PAGE_ONLY","2026-09-16T02:24:04.136007Z","175","175"
"Floating Clock","1546947240","","","","ky","","","","","","","2026-09-15","2026-09-16T02:25:34.548457Z","AVAILABLE","","https://apps.apple.com/ky/app/floating-clock/id1546947240","true","REGION","","","","","PUBLIC_PAGE_ONLY","2026-09-16T02:24:04.136007Z","175","175"
"Floating Clock","1546947240","","","","jo","","","","","","","2026-09-15","2026-09-16T02:25:34.618216Z","AVAILABLE","","https://apps.apple.com/jo/app/floating-clock/id1546947240","true","REGION","","","","","PUBLIC_PAGE_ONLY","2026-09-16T02:24:04.136007Z","175","175"
"Floating Clock","1546947240","","","","lk","","","","","","","2026-09-15","2026-09-16T02:25:34.990683Z","AVAILABLE","","https://apps.apple.com/lk/app/floating-clock/id1546947240","true","REGION","","","","","PUBLIC_PAGE_ONLY","2026-09-16T02:24:04.136007Z","175","175"
"Floating Clock","1546947240","","","","kw","","","","","","","2026-09-15","2026-09-16T02:25:35.307458Z","AVAILABLE","","https://apps.apple.com/kw/app/floating-clock/id1546947240","true","REGION","","","","","PUBLIC_PAGE_ONLY","2026-09-16T02:24:04.136007Z","175","175"
"悬浮时钟-抢购秒杀助手","1546947240","","","","it","","","","","","","2026-09-15","2026-09-16T02:25:30.305035Z","AVAILABLE","","https://apps.apple.com/it/app/%E6%82%AC%E6%B5%AE%E6%97%B6%E9%92%9F-%E6%8A%A2%E8%B4%AD%E7%A7%92%E6%9D%80%E5%8A%A9%E6%89%8B/id1546947240","true","REGION","","","","","PUBLIC_PAGE_ONLY","2026-09-16T02:24:04.136007Z","175","175"
"Floating Clock","1546947240","","","","lr","","","","","","","2026-09-15","2026-09-16T02:25:35.893427Z","AVAILABLE","","https://apps.apple.com/lr/app/floating-clock/id1546947240","true","REGION","","","","","PUBLIC_PAGE_ONLY","2026-09-16T02:24:04.136007Z","175","175"
"Floating Clock","1546947240","","","","lc","","","","","","","2026-09-15","2026-09-16T02:25:36.006540Z","AVAILABLE","","https://apps.apple.com/lc/app/floating-clock/id1546947240","true","REGION","","","","","PUBLIC_PAGE_ONLY","2026-09-16T02:24:04.136007Z","175","175"
"Floating Clock","1546947240","","","","ke","","","","","","","2026-09-15","2026-09-16T02:25:36.114139Z","AVAILABLE","","https://apps.apple.com/ke/app/floating-clock/id1546947240","true","REGION","","","","","PUBLIC_PAGE_ONLY","2026-09-16T02:24:04.136007Z","175","175"
"Floating Clock","1546947240","","","","lv","","","","","","","2026-09-15","2026-09-16T02:25:37.614102Z","AVAILABLE","","https://apps.apple.com/lv/app/floating-clock/id1546947240","true","REGION","","","","","PUBLIC_PAGE_ONLY","2026-09-16T02:24:04.136007Z","175","175"
"Floating Clock","1546947240","","","","md","","","","","","","2026-09-15","2026-09-16T02:25:38.587929Z","AVAILABLE","","https://apps.apple.com/md/app/floating-clock/id1546947240","true","REGION","","","","","PUBLIC_PAGE_ONLY","2026-09-16T02:24:04.136007Z","175","175"
"Floating Clock","1546947240","","","","mk","","","","","","","2026-09-15","2026-09-16T02:25:40.501558Z","AVAILABLE","","https://apps.apple.com/mk/app/floating-clock/id1546947240","true","REGION","","","","","PUBLIC_PAGE_ONLY","2026-09-16T02:24:04.136007Z","175","175"
"Floating Clock","1546947240","","","","lu","","","","","","","2026-09-15","2026-09-16T02:25:40.711424Z","AVAILABLE","","https://apps.apple.com/lu/app/floating-clock/id1546947240","true","REGION","","","","","PUBLIC_PAGE_ONLY","2026-09-16T02:24:04.136007Z","175","175"
"Floating Clock","1546947240","","","","me","","","","","","","2026-09-15","2026-09-16T02:25:40.715069Z","AVAILABLE","","https://apps.apple.com/me/app/floating-clock/id1546947240","true","REGION","","","","","PUBLIC_PAGE_ONLY","2026-09-16T02:24:04.136007Z","175","175"
"Floating Clock","1546947240","","","","lt","","","","","","","2026-09-15","2026-09-16T02:25:41.030793Z","AVAILABLE","","https://apps.apple.com/lt/app/floating-clock/id1546947240","true","REGION","","","","","PUBLIC_PAGE_ONLY","2026-09-16T02:24:04.136007Z","175","175"
"Floating Clock","1546947240","","","","ma","","","","","","","2026-09-15","2026-09-16T02:25:41.250770Z","AVAILABLE","","https://apps.apple.com/ma/app/floating-clock/id1546947240","true","REGION","","","","","PUBLIC_PAGE_ONLY","2026-09-16T02:24:04.136007Z","175","175"
"Floating Clock","1546947240","","","","ly","","","","","","","2026-09-15","2026-09-16T02:25:42.079405Z","AVAILABLE","","https://apps.apple.com/ly/app/floating-clock/id1546947240","true","REGION","","","","","PUBLIC_PAGE_ONLY","2026-09-16T02:24:04.136007Z","175","175"
"Floating Clock","1546947240","","","","ml","","","","","","","2026-09-15","2026-09-16T02:25:42.112590Z","AVAILABLE","","https://apps.apple.com/ml/app/floating-clock/id1546947240","true","REGION","","","","","PUBLIC_PAGE_ONLY","2026-09-16T02:24:04.136007Z","175","175"
"Floating Clock","1546947240","","","","mm","","","","","","","2026-09-15","2026-09-16T02:25:44.485937Z","AVAILABLE","","https://apps.apple.com/mm/app/floating-clock/id1546947240","true","REGION","","","","","PUBLIC_PAGE_ONLY","2026-09-16T02:24:04.136007Z","175","175"
"Floating Clock","1546947240","","","","mu","","","","","","","2026-09-15","2026-09-16T02:25:44.752207Z","AVAILABLE","","https://apps.apple.com/mu/app/floating-clock/id1546947240","true","REGION","","","","","PUBLIC_PAGE_ONLY","2026-09-16T02:24:04.136007Z","175","175"
"Floating Clock","1546947240","","","","mg","","","","","","","2026-09-15","2026-09-16T02:25:45.731704Z","AVAILABLE","","https://apps.apple.com/mg/app/floating-clock/id1546947240","true","REGION","","","","","PUBLIC_PAGE_ONLY","2026-09-16T02:24:04.136007Z","175","175"
"Floating Clock","1546947240","","","","mn","","","","","","","2026-09-15","2026-09-16T02:25:45.872907Z","AVAILABLE","","https://apps.apple.com/mn/app/floating-clock/id1546947240","true","REGION","","","","","PUBLIC_PAGE_ONLY","2026-09-16T02:24:04.136007Z","175","175"
"Floating Clock","1546947240","","","","ms","","","","","","","2026-09-15","2026-09-16T02:25:47.017392Z","AVAILABLE","","https://apps.apple.com/ms/app/floating-clock/id1546947240","true","REGION","","","","","PUBLIC_PAGE_ONLY","2026-09-16T02:24:04.136007Z","175","175"
"Floating Clock","1546947240","","","","mv","","","","","","","2026-09-15","2026-09-16T02:25:47.224637Z","AVAILABLE","","https://apps.apple.com/mv/app/floating-clock/id1546947240","true","REGION","","","","","PUBLIC_PAGE_ONLY","2026-09-16T02:24:04.136007Z","175","175"
"Floating Clock","1546947240","","","","mw","","","","","","","2026-09-15","2026-09-16T02:25:48.014422Z","AVAILABLE","","https://apps.apple.com/mw/app/floating-clock/id1546947240","true","REGION","","","","","PUBLIC_PAGE_ONLY","2026-09-16T02:24:04.136007Z","175","175"
"Floating Clock","1546947240","","","","mt","","","","","","","2026-09-15","2026-09-16T02:25:48.882135Z","AVAILABLE","","https://apps.apple.com/mt/app/floating-clock/id1546947240","true","REGION","","","","","PUBLIC_PAGE_ONLY","2026-09-16T02:24:04.136007Z","175","175"
"Floating Clock","1546947240","","","","mr","","","","","","","2026-09-15","2026-09-16T02:25:48.882788Z","AVAILABLE","","https://apps.apple.com/mr/app/floating-clock/id1546947240","true","REGION","","","","","PUBLIC_PAGE_ONLY","2026-09-16T02:24:04.136007Z","175","175"
"Floating Clock","1546947240","","","","na","","","","","","","2026-09-15","2026-09-16T02:25:50.496171Z","AVAILABLE","","https://apps.apple.com/na/app/floating-clock/id1546947240","true","REGION","","","","","PUBLIC_PAGE_ONLY","2026-09-16T02:24:04.136007Z","175","175"
"Floating Clock","1546947240","","","","ne","","","","","","","2026-09-15","2026-09-16T02:25:51.018293Z","AVAILABLE","","https://apps.apple.com/ne/app/floating-clock/id1546947240","true","REGION","","","","","PUBLIC_PAGE_ONLY","2026-09-16T02:24:04.136007Z","175","175"
"Floating Clock","1546947240","","","","my","","","","","","","2026-09-15","2026-09-16T02:25:51.345400Z","AVAILABLE","","https://apps.apple.com/my/app/floating-clock/id1546947240","true","REGION","","","","","PUBLIC_PAGE_ONLY","2026-09-16T02:24:04.136007Z","175","175"
"Floating Clock","1546947240","","","","mz","","","","","","","2026-09-15","2026-09-16T02:25:53.664322Z","AVAILABLE","","https://apps.apple.com/mz/app/floating-clock/id1546947240","true","REGION","","","","","PUBLIC_PAGE_ONLY","2026-09-16T02:24:04.136007Z","175","175"
"懸浮時鐘","1546947240","","","","mo","","","","","","","2026-09-15","2026-09-16T02:25:48.784869Z","AVAILABLE","","https://apps.apple.com/mo/app/%E6%87%B8%E6%B5%AE%E6%99%82%E9%90%98/id1546947240","true","REGION","","","","","PUBLIC_PAGE_ONLY","2026-09-16T02:24:04.136007Z","175","175"
"Floating Clock","1546947240","","","","no","","","","","","","2026-09-15","2026-09-16T02:25:54.841858Z","AVAILABLE","","https://apps.apple.com/no/app/floating-clock/id1546947240","true","REGION","","","","","PUBLIC_PAGE_ONLY","2026-09-16T02:24:04.136007Z","175","175"
"Floating Clock","1546947240","","","","ng","","","","","","","2026-09-15","2026-09-16T02:25:56.022203Z","AVAILABLE","","https://apps.apple.com/ng/app/floating-clock/id1546947240","true","REGION","","","","","PUBLIC_PAGE_ONLY","2026-09-16T02:24:04.136007Z","175","175"
"悬浮时钟-抢购秒杀助手","1546947240","","","","nl","","","","","","","2026-09-15","2026-09-16T02:25:53.646292Z","AVAILABLE","","https://apps.apple.com/nl/app/%E6%82%AC%E6%B5%AE%E6%97%B6%E9%92%9F-%E6%8A%A2%E8%B4%AD%E7%A7%92%E6%9D%80%E5%8A%A9%E6%89%8B/id1546947240","true","REGION","","","","","PUBLIC_PAGE_ONLY","2026-09-16T02:24:04.136007Z","175","175"
"Floating Clock","1546947240","","","","np","","","","","","","2026-09-15","2026-09-16T02:25:56.864115Z","AVAILABLE","","https://apps.apple.com/np/app/floating-clock/id1546947240","true","REGION","","","","","PUBLIC_PAGE_ONLY","2026-09-16T02:24:04.136007Z","175","175"
"Floating Clock","1546947240","","","","om","","","","","","","2026-09-15","2026-09-16T02:25:57.443810Z","AVAILABLE","","https://apps.apple.com/om/app/floating-clock/id1546947240","true","REGION","","","","","PUBLIC_PAGE_ONLY","2026-09-16T02:24:04.136007Z","175","175"
"Floating Clock","1546947240","","","","nr","","","","","","","2026-09-15","2026-09-16T02:25:58.026239Z","AVAILABLE","","https://apps.apple.com/nr/app/floating-clock/id1546947240","true","REGION","","","","","PUBLIC_PAGE_ONLY","2026-09-16T02:24:04.136007Z","175","175"
"Floating Clock","1546947240","","","","ph","","","","","","","2026-09-15","2026-09-16T02:26:00.495726Z","AVAILABLE","","https://apps.apple.com/ph/app/floating-clock/id1546947240","true","REGION","","","","","PUBLIC_PAGE_ONLY","2026-09-16T02:24:04.136007Z","175","175"
"Reloj Flotante","1546947240","","","","mx","","","","","","","2026-09-15","2026-09-16T02:25:55.559552Z","AVAILABLE","","https://apps.apple.com/mx/app/reloj-flotante/id1546947240","true","REGION","","","","","PUBLIC_PAGE_ONLY","2026-09-16T02:24:04.136007Z","175","175"
"Floating Clock","1546947240","","","","pg","","","","","","","2026-09-15","2026-09-16T02:26:01.454947Z","AVAILABLE","","https://apps.apple.com/pg/app/floating-clock/id1546947240","true","REGION","","","","","PUBLIC_PAGE_ONLY","2026-09-16T02:24:04.136007Z","175","175"
"Reloj Flotante","1546947240","","","","pe","","","","","","","2026-09-15","2026-09-16T02:25:59.105548Z","AVAILABLE","","https://apps.apple.com/pe/app/reloj-flotante/id1546947240","true","REGION","","","","","PUBLIC_PAGE_ONLY","2026-09-16T02:24:04.136007Z","175","175"
"Floating Clock","1546947240","","","","nz","","","","","","","2026-09-15","2026-09-16T02:26:01.769072Z","AVAILABLE","","https://apps.apple.com/nz/app/floating-clock/id1546947240","true","REGION","","","","","PUBLIC_PAGE_ONLY","2026-09-16T02:24:04.136007Z","175","175"
"Floating Clock","1546947240","","","","pk","","","","","","","2026-09-15","2026-09-16T02:26:02.067947Z","AVAILABLE","","https://apps.apple.com/pk/app/floating-clock/id1546947240","true","REGION","","","","","PUBLIC_PAGE_ONLY","2026-09-16T02:24:04.136007Z","175","175"
"Reloj Flotante","1546947240","","","","ni","","","","","","","2026-09-15","2026-09-16T02:25:55.564573Z","AVAILABLE","","https://apps.apple.com/ni/app/reloj-flotante/id1546947240","true","REGION","","","","","PUBLIC_PAGE_ONLY","2026-09-16T02:24:04.136007Z","175","175"
"Floating Clock","1546947240","","","","pl","","","","","","","2026-09-15","2026-09-16T02:26:02.906974Z","AVAILABLE","","https://apps.apple.com/pl/app/floating-clock/id1546947240","true","REGION","","","","","PUBLIC_PAGE_ONLY","2026-09-16T02:24:04.136007Z","175","175"
"Floating Clock","1546947240","","","","ro","","","","","","","2026-09-15","2026-09-16T02:26:05.588087Z","AVAILABLE","","https://apps.apple.com/ro/app/floating-clock/id1546947240","true","REGION","","","","","PUBLIC_PAGE_ONLY","2026-09-16T02:24:04.136007Z","175","175"
"Reloj Flotante","1546947240","","","","pa","","","","","","","2026-09-15","2026-09-16T02:26:01.555610Z","AVAILABLE","","https://apps.apple.com/pa/app/reloj-flotante/id1546947240","true","REGION","","","","","PUBLIC_PAGE_ONLY","2026-09-16T02:24:04.136007Z","175","175"
"Reloj Flotante","1546947240","","","","py","","","","","","","2026-09-15","2026-09-16T02:26:04.319020Z","AVAILABLE","","https://apps.apple.com/py/app/reloj-flotante/id1546947240","true","REGION","","","","","PUBLIC_PAGE_ONLY","2026-09-16T02:24:04.136007Z","175","175"
"Floating Clock","1546947240","","","","pw","","","","","","","2026-09-15","2026-09-16T02:26:06.550942Z","AVAILABLE","","https://apps.apple.com/pw/app/floating-clock/id1546947240","true","REGION","","","","","PUBLIC_PAGE_ONLY","2026-09-16T02:24:04.136007Z","175","175"
"Floating Clock","1546947240","","","","qa","","","","","","","2026-09-15","2026-09-16T02:26:06.861382Z","AVAILABLE","","https://apps.apple.com/qa/app/floating-clock/id1546947240","true","REGION","","","","","PUBLIC_PAGE_ONLY","2026-09-16T02:24:04.136007Z","175","175"
"悬浮时钟-抢购秒杀助手","1546947240","","","","ru","","","","","","","2026-09-15","2026-09-16T02:26:05.055880Z","AVAILABLE","","https://apps.apple.com/ru/app/%E6%82%AC%E6%B5%AE%E6%97%B6%E9%92%9F-%E6%8A%A2%E8%B4%AD%E7%A7%92%E6%9D%80%E5%8A%A9%E6%89%8B/id1546947240","true","REGION","","","","","PUBLIC_PAGE_ONLY","2026-09-16T02:24:04.136007Z","175","175"
"Floating Clock","1546947240","","","","sb","","","","","","","2026-09-15","2026-09-16T02:26:07.708937Z","AVAILABLE","","https://apps.apple.com/sb/app/floating-clock/id1546947240","true","REGION","","","","","PUBLIC_PAGE_ONLY","2026-09-16T02:24:04.136007Z","175","175"
"Floating Clock","1546947240","","","","rs","","","","","","","2026-09-15","2026-09-16T02:26:08.008936Z","AVAILABLE","","https://apps.apple.com/rs/app/floating-clock/id1546947240","true","REGION","","","","","PUBLIC_PAGE_ONLY","2026-09-16T02:24:04.136007Z","175","175"
"Floating Clock","1546947240","","","","rw","","","","","","","2026-09-15","2026-09-16T02:26:09.353170Z","AVAILABLE","","https://apps.apple.com/rw/app/floating-clock/id1546947240","true","REGION","","","","","PUBLIC_PAGE_ONLY","2026-09-16T02:24:04.136007Z","175","175"
"悬浮时钟-抢购秒杀助手","1546947240","","","","pt","","","","","","","2026-09-15","2026-09-16T02:26:05.625051Z","AVAILABLE","","https://apps.apple.com/pt/app/%E6%82%AC%E6%B5%AE%E6%97%B6%E9%92%9F-%E6%8A%A2%E8%B4%AD%E7%A7%92%E6%9D%80%E5%8A%A9%E6%89%8B/id1546947240","true","REGION","","","","","PUBLIC_PAGE_ONLY","2026-09-16T02:24:04.136007Z","175","175"
"Floating Clock","1546947240","","","","sa","","","","","","","2026-09-15","2026-09-16T02:26:09.931170Z","AVAILABLE","","https://apps.apple.com/sa/app/floating-clock/id1546947240","true","REGION","","","","","PUBLIC_PAGE_ONLY","2026-09-16T02:24:04.136007Z","175","175"
"Floating Clock","1546947240","","","","sk","","","","","","","2026-09-15","2026-09-16T02:26:10.343663Z","AVAILABLE","","https://apps.apple.com/sk/app/floating-clock/id1546947240","true","REGION","","","","","PUBLIC_PAGE_ONLY","2026-09-16T02:24:04.136007Z","175","175"
"Floating Clock","1546947240","","","","si","","","","","","","2026-09-15","2026-09-16T02:26:10.596890Z","AVAILABLE","","https://apps.apple.com/si/app/floating-clock/id1546947240","true","REGION","","","","","PUBLIC_PAGE_ONLY","2026-09-16T02:24:04.136007Z","175","175"
"Floating Clock","1546947240","","","","sc","","","","","","","2026-09-15","2026-09-16T02:26:13.432772Z","AVAILABLE","","https://apps.apple.com/sc/app/floating-clock/id1546947240","true","REGION","","","","","PUBLIC_PAGE_ONLY","2026-09-16T02:24:04.136007Z","175","175"
"Floating Clock","1546947240","","","","sz","","","","","","","2026-09-15","2026-09-16T02:26:13.936690Z","AVAILABLE","","https://apps.apple.com/sz/app/floating-clock/id1546947240","true","REGION","","","","","PUBLIC_PAGE_ONLY","2026-09-16T02:24:04.136007Z","175","175"
"Floating Clock","1546947240","","","","sn","","","","","","","2026-09-15","2026-09-16T02:26:14.467059Z","AVAILABLE","","https://apps.apple.com/sn/app/floating-clock/id1546947240","true","REGION","","","","","PUBLIC_PAGE_ONLY","2026-09-16T02:24:04.136007Z","175","175"
"Floating Clock","1546947240","","","","sr","","","","","","","2026-09-15","2026-09-16T02:26:15.069287Z","AVAILABLE","","https://apps.apple.com/sr/app/floating-clock/id1546947240","true","REGION","","","","","PUBLIC_PAGE_ONLY","2026-09-16T02:24:04.136007Z","175","175"
"Floating Clock","1546947240","","","","st","","","","","","","2026-09-15","2026-09-16T02:26:15.757683Z","AVAILABLE","","https://apps.apple.com/st/app/floating-clock/id1546947240","true","REGION","","","","","PUBLIC_PAGE_ONLY","2026-09-16T02:24:04.136007Z","175","175"
"Floating Clock","1546947240","","","","sl","","","","","","","2026-09-15","2026-09-16T02:26:16.441845Z","AVAILABLE","","https://apps.apple.com/sl/app/floating-clock/id1546947240","true","REGION","","","","","PUBLIC_PAGE_ONLY","2026-09-16T02:24:04.136007Z","175","175"
"Reloj Flotante","1546947240","","","","sv","","","","","","","2026-09-15","2026-09-16T02:26:13.759110Z","AVAILABLE","","https://apps.apple.com/sv/app/reloj-flotante/id1546947240","true","REGION","","","","","PUBLIC_PAGE_ONLY","2026-09-16T02:24:04.136007Z","175","175"
"Floating Clock","1546947240","","","","td","","","","","","","2026-09-15","2026-09-16T02:26:19.217530Z","AVAILABLE","","https://apps.apple.com/td/app/floating-clock/id1546947240","true","REGION","","","","","PUBLIC_PAGE_ONLY","2026-09-16T02:24:04.136007Z","175","175"
"悬浮时钟-抢购秒杀助手","1546947240","","","","se","","","","","","","2026-09-15","2026-09-16T02:26:11.975733Z","AVAILABLE","","https://apps.apple.com/se/app/%E6%82%AC%E6%B5%AE%E6%97%B6%E9%92%9F-%E6%8A%A2%E8%B4%AD%E7%A7%92%E6%9D%80%E5%8A%A9%E6%89%8B/id1546947240","true","REGION","","","","","PUBLIC_PAGE_ONLY","2026-09-16T02:24:04.136007Z","175","175"
"Floating Clock","1546947240","","","","th","","","","","","","2026-09-15","2026-09-16T02:26:21.260339Z","AVAILABLE","","https://apps.apple.com/th/app/floating-clock/id1546947240","true","REGION","","","","","PUBLIC_PAGE_ONLY","2026-09-16T02:24:04.136007Z","175","175"
"Floating Clock","1546947240","","","","tc","","","","","","","2026-09-15","2026-09-16T02:26:22.337927Z","AVAILABLE","","https://apps.apple.com/tc/app/floating-clock/id1546947240","true","REGION","","","","","PUBLIC_PAGE_ONLY","2026-09-16T02:24:04.136007Z","175","175"
"Floating Clock","1546947240","","","","tm","","","","","","","2026-09-15","2026-09-16T02:26:24.210773Z","AVAILABLE","","https://apps.apple.com/tm/app/floating-clock/id1546947240","true","REGION","","","","","PUBLIC_PAGE_ONLY","2026-09-16T02:24:04.136007Z","175","175"
"Floating Clock","1546947240","","","","tj","","","","","","","2026-09-15","2026-09-16T02:26:24.684911Z","AVAILABLE","","https://apps.apple.com/tj/app/floating-clock/id1546947240","true","REGION","","","","","PUBLIC_PAGE_ONLY","2026-09-16T02:24:04.136007Z","175","175"
"Floating Clock","1546947240","","","","to","","","","","","","2026-09-15","2026-09-16T02:26:25.043200Z","AVAILABLE","","https://apps.apple.com/to/app/floating-clock/id1546947240","true","REGION","","","","","PUBLIC_PAGE_ONLY","2026-09-16T02:24:04.136007Z","175","175"
"Floating Clock","1546947240","","","","tt","","","","","","","2026-09-15","2026-09-16T02:26:25.685821Z","AVAILABLE","","https://apps.apple.com/tt/app/floating-clock/id1546947240","true","REGION","","","","","PUBLIC_PAGE_ONLY","2026-09-16T02:24:04.136007Z","175","175"
"Floating Clock","1546947240","","","","tn","","","","","","","2026-09-15","2026-09-16T02:26:26.646303Z","AVAILABLE","","https://apps.apple.com/tn/app/floating-clock/id1546947240","true","REGION","","","","","PUBLIC_PAGE_ONLY","2026-09-16T02:24:04.136007Z","175","175"
"Floating Clock","1546947240","","","","vc","","","","","","","2026-09-15","2026-09-16T02:26:29.377095Z","AVAILABLE","","https://apps.apple.com/vc/app/floating-clock/id1546947240","true","REGION","","","","","PUBLIC_PAGE_ONLY","2026-09-16T02:24:04.136007Z","175","175"
"Floating Clock","1546947240","","","","uy","","","","","","","2026-09-15","2026-09-16T02:26:30.858406Z","AVAILABLE","","https://apps.apple.com/uy/app/floating-clock/id1546947240","true","REGION","","","","","PUBLIC_PAGE_ONLY","2026-09-16T02:24:04.136007Z","175","175"
"Floating Clock","1546947240","","","","ug","","","","","","","2026-09-15","2026-09-16T02:26:31.035140Z","AVAILABLE","","https://apps.apple.com/ug/app/floating-clock/id1546947240","true","REGION","","","","","PUBLIC_PAGE_ONLY","2026-09-16T02:24:04.136007Z","175","175"
"Floating Clock","1546947240","","","","ua","","","","","","","2026-09-15","2026-09-16T02:26:31.080840Z","AVAILABLE","","https://apps.apple.com/ua/app/floating-clock/id1546947240","true","REGION","","","","","PUBLIC_PAGE_ONLY","2026-09-16T02:24:04.136007Z","175","175"
"Floating Clock","1546947240","","","","tz","","","","","","","2026-09-15","2026-09-16T02:26:31.146099Z","AVAILABLE","","https://apps.apple.com/tz/app/floating-clock/id1546947240","true","REGION","","","","","PUBLIC_PAGE_ONLY","2026-09-16T02:24:04.136007Z","175","175"
"Floating Clock","1546947240","","","","uz","","","","","","","2026-09-15","2026-09-16T02:26:31.644067Z","AVAILABLE","","https://apps.apple.com/uz/app/floating-clock/id1546947240","true","REGION","","","","","PUBLIC_PAGE_ONLY","2026-09-16T02:24:04.136007Z","175","175"
"Floating Clock","1546947240","","","","vn","","","","","","","2026-09-15","2026-09-16T02:26:33.133306Z","AVAILABLE","","https://apps.apple.com/vn/app/floating-clock/id1546947240","true","REGION","","","","","PUBLIC_PAGE_ONLY","2026-09-16T02:24:04.136007Z","175","175"
"Reloj Flotante","1546947240","","","","ve","","","","","","","2026-09-15","2026-09-16T02:26:30.852690Z","AVAILABLE","","https://apps.apple.com/ve/app/reloj-flotante/id1546947240","true","REGION","","","","","PUBLIC_PAGE_ONLY","2026-09-16T02:24:04.136007Z","175","175"
"Floating Clock","1546947240","","","","zw","","","","","","","2026-09-15","2026-09-16T02:26:37.260240Z","AVAILABLE","","https://apps.apple.com/zw/app/floating-clock/id1546947240","true","REGION","","","","","PUBLIC_PAGE_ONLY","2026-09-16T02:24:04.136007Z","175","175"
"Floating Clock","1546947240","","","","vg","","","","","","","2026-09-15","2026-09-16T02:26:37.293346Z","AVAILABLE","","https://apps.apple.com/vg/app/floating-clock/id1546947240","true","REGION","","","","","PUBLIC_PAGE_ONLY","2026-09-16T02:24:04.136007Z","175","175"
"Floating Clock","1546947240","","","","ye","","","","","","","2026-09-15","2026-09-16T02:26:37.355482Z","AVAILABLE","","https://apps.apple.com/ye/app/floating-clock/id1546947240","true","REGION","","","","","PUBLIC_PAGE_ONLY","2026-09-16T02:24:04.136007Z","175","175"
"Floating Clock","1546947240","","","","vu","","","","","","","2026-09-15","2026-09-16T02:26:37.377542Z","AVAILABLE","","https://apps.apple.com/vu/app/floating-clock/id1546947240","true","REGION","","","","","PUBLIC_PAGE_ONLY","2026-09-16T02:24:04.136007Z","175","175"
"Floating Clock","1546947240","","","","xk","","","","","","","2026-09-15","2026-09-16T02:26:37.396524Z","AVAILABLE","","https://apps.apple.com/xk/app/floating-clock/id1546947240","true","REGION","","","","","PUBLIC_PAGE_ONLY","2026-09-16T02:24:04.136007Z","175","175"
"Floating Clock","1546947240","","","","zm","","","","","","","2026-09-15","2026-09-16T02:26:37.739552Z","AVAILABLE","","https://apps.apple.com/zm/app/floating-clock/id1546947240","true","REGION","","","","","PUBLIC_PAGE_ONLY","2026-09-16T02:24:04.136007Z","175","175"
"Floating Clock","1546947240","","","","za","","","","","","","2026-09-15","2026-09-16T02:26:37.772063Z","AVAILABLE","","https://apps.apple.com/za/app/floating-clock/id1546947240","true","REGION","","","","","PUBLIC_PAGE_ONLY","2026-09-16T02:24:04.136007Z","175","175"